customer_id,email,state,plan,plan_list_price,churn,churned,user_id,activity_events,active_days,last_event_time,days_since_last_activity,activity_read_article,activity_share_workout,activity_track_workout,activity_watch_video,ticket_count,avg_resolution_hours,max_resolution_hours,deletion_requests,unresolved_tickets,resolved_tickets,ticket_topic_account,ticket_topic_billing,ticket_topic_other,ticket_topic_technical,ticket_channel_-,ticket_channel_chat,ticket_channel_email,ticket_channel_phone,activity_segment,support_segment,resolution_segment,high_resolution_risk,inactive_support_risk,at_risk
C10000,user10000@example.com,New Jersey,Enterprise,105,Y,1,10000,3.0,3.0,2025-11-13 00:14:10.471225,18.0,2.0,0.0,0.0,1.0,3.0,21.44666666666667,23.77,0.0,1,2,1.0,1.0,1.0,0.0,0.0,1.0,2.0,0.0,2-3 events,2-3 tickets,20h+,True,False,True
C10001,user10001@example.net,Louisiana,Basic,22,Y,1,10001,1.0,1.0,2025-06-22 06:40:26.706374,162.0,1.0,0.0,0.0,0.0,4.0,17.5425,26.44,0.0,1,3,0.0,2.0,1.0,1.0,0.0,0.0,1.0,3.0,1 event,4+ tickets,15-20h,True,False,True
C10002,user10002@example.net,Oklahoma,Basic,24,NAN,0,10002,1.0,1.0,2025-09-17 17:33:50.117062,75.0,1.0,0.0,0.0,0.0,3.0,6.433333333333334,10.32,0.0,1,2,0.0,0.0,2.0,1.0,0.0,2.0,1.0,0.0,1 event,2-3 tickets,5-10h,False,False,False
C10003,user10003@example.com,Michigan,Free,0,NAN,0,10003,1.0,1.0,2025-09-15 10:21:59.595794,77.0,0.0,0.0,1.0,0.0,1.0,2.19,2.19,0.0,0,1,0.0,0.0,1.0,0.0,1.0,0.0,0.0,0.0,1 event,1 ticket,0-5h,False,False,False
C10004,user10004@example.com,Texas,Enterprise,119,NAN,0,10004,4.0,4.0,2025-10-11 05:17:36.302142,51.0,0.0,0.0,1.0,3.0,4.0,8.5425,10.45,0.0,2,2,0.0,2.0,0.0,2.0,1.0,1.0,1.0,1.0,4+ events,4+ tickets,5-10h,False,False,False
C10005,user10005@example.org,Ohio,Enterprise,114,NAN,0,10005,1.0,1.0,2025-06-24 21:26:29.854399,160.0,0.0,0.0,0.0,1.0,2.0,7.8149999999999995,8.6,0.0,2,0,0.0,1.0,0.0,1.0,0.0,1.0,0.0,1.0,1 event,2-3 tickets,5-10h,False,False,False
C10006,user10006@example.com,Kentucky,Basic,19,NAN,0,10006,0.0,0.0,,,0.0,0.0,0.0,0.0,2.0,6.859999999999999,11.85,0.0,1,1,0.0,1.0,0.0,1.0,0.0,1.0,0.0,1.0,0 events,2-3 tickets,5-10h,False,True,True
C10007,user10007@example.com,North Carolina,Basic,10,Y,1,10007,0.0,0.0,,,0.0,0.0,0.0,0.0,3.0,25.166666666666668,28.94,0.0,1,2,0.0,1.0,1.0,1.0,1.0,1.0,1.0,0.0,0 events,2-3 tickets,20h+,True,True,True
C10008,user10008@example.net,Alaska,Enterprise,87,NAN,0,10008,2.0,2.0,2025-10-20 13:15:19.305376,42.0,0.0,1.0,1.0,0.0,1.0,4.58,4.58,0.0,0,1,1.0,0.0,0.0,0.0,0.0,0.0,1.0,0.0,2-3 events,1 ticket,0-5h,False,False,False
C10009,user10009@example.com,Virginia,Free,0,NAN,0,10009,4.0,4.0,2025-11-14 06:28:35.207671,17.0,0.0,2.0,1.0,1.0,3.0,8.273333333333333,10.72,0.0,2,1,0.0,0.0,3.0,0.0,0.0,1.0,0.0,2.0,4+ events,2-3 tickets,5-10h,False,False,False
C10010,user10010@example.net,Kansas,Pro,51,NAN,0,10010,0.0,0.0,,,0.0,0.0,0.0,0.0,3.0,3.856666666666667,4.97,0.0,2,1,1.0,0.0,1.0,1.0,0.0,0.0,0.0,3.0,0 events,2-3 tickets,0-5h,False,True,True
C10011,user10011@example.net,Arizona,Pro,57,NAN,0,10011,1.0,1.0,2025-11-23 00:47:01.628662,8.0,1.0,0.0,0.0,0.0,2.0,8.815,9.77,0.0,0,2,0.0,0.0,2.0,0.0,0.0,1.0,0.0,1.0,1 event,2-3 tickets,5-10h,False,False,False
C10012,user10012@example.net,Idaho,Enterprise,93,NAN,0,10012,2.0,2.0,2025-11-26 20:18:36.204176,5.0,0.0,1.0,0.0,1.0,2.0,3.525,3.59,0.0,0,2,0.0,1.0,0.0,1.0,0.0,0.0,2.0,0.0,2-3 events,2-3 tickets,0-5h,False,False,False
C10013,user10013@example.com,Alaska,Enterprise,104,NAN,0,10013,1.0,1.0,2025-06-28 12:45:39.729069,156.0,0.0,1.0,0.0,0.0,0.0,,,0.0,0,0,0.0,0.0,0.0,0.0,0.0,0.0,0.0,0.0,1 event,0 tickets,,False,False,False
C10014,user10014@example.com,Connecticut,Free,0,Y,1,10014,0.0,0.0,,,0.0,0.0,0.0,0.0,3.0,24.19666666666667,26.66,0.0,0,3,1.0,2.0,0.0,0.0,0.0,2.0,0.0,1.0,0 events,2-3 tickets,20h+,True,True,True
C10015,user10015@example.com,Kansas,Enterprise,110,NAN,0,10015,0.0,0.0,,,0.0,0.0,0.0,0.0,2.0,7.155,9.55,0.0,1,1,0.0,0.0,1.0,1.0,0.0,1.0,0.0,1.0,0 events,2-3 tickets,5-10h,False,True,True
C10016,user10016@example.net,Colorado,Enterprise,138,NAN,0,10016,1.0,1.0,2025-10-22 10:44:46.713402,40.0,0.0,0.0,0.0,1.0,2.0,6.23,7.22,0.0,1,1,0.0,0.0,1.0,1.0,0.0,0.0,1.0,1.0,1 event,2-3 tickets,5-10h,False,False,False
C10017,user10017@example.org,Rhode Island,Basic,24,NAN,0,10017,0.0,0.0,,,0.0,0.0,0.0,0.0,1.0,7.19,7.19,0.0,0,1,0.0,1.0,0.0,0.0,0.0,1.0,0.0,0.0,0 events,1 ticket,5-10h,False,True,True
C10018,user10018@example.org,Idaho,Pro,57,NAN,0,10018,0.0,0.0,,,0.0,0.0,0.0,0.0,5.0,8.142,11.72,0.0,2,3,0.0,2.0,2.0,1.0,0.0,0.0,3.0,2.0,0 events,4+ tickets,5-10h,False,True,True
C10019,user10019@example.org,Maine,Enterprise,100,NAN,0,10019,2.0,2.0,2025-10-28 03:17:59.539213,34.0,0.0,0.0,1.0,1.0,1.0,6.29,6.29,0.0,1,0,0.0,0.0,1.0,0.0,0.0,0.0,1.0,0.0,2-3 events,1 ticket,5-10h,False,False,False
C10020,user10020@example.org,Wisconsin,Basic,16,NAN,0,10020,2.0,2.0,2025-10-12 03:37:58.337253,50.0,2.0,0.0,0.0,0.0,1.0,7.32,7.32,0.0,1,0,0.0,0.0,0.0,1.0,0.0,0.0,0.0,1.0,2-3 events,1 ticket,5-10h,False,False,False
C10021,user10021@example.org,Vermont,Pro,64,Y,1,10021,0.0,0.0,,,0.0,0.0,0.0,0.0,3.0,17.46666666666667,22.19,0.0,1,2,0.0,3.0,0.0,0.0,0.0,3.0,0.0,0.0,0 events,2-3 tickets,15-20h,True,True,True
C10022,user10022@example.com,Florida,Free,0,Y,1,10022,0.0,0.0,,,0.0,0.0,0.0,0.0,3.0,15.959999999999999,20.7,0.0,1,2,2.0,0.0,0.0,1.0,0.0,1.0,1.0,1.0,0 events,2-3 tickets,15-20h,True,True,True
C10023,user10023@example.com,Texas,Pro,32,NAN,0,10023,1.0,1.0,2025-11-05 02:56:48.236721,26.0,0.0,0.0,1.0,0.0,4.0,5.825,10.64,0.0,0,4,1.0,0.0,3.0,0.0,1.0,1.0,2.0,0.0,1 event,4+ tickets,5-10h,False,False,False
C10024,user10024@example.net,Delaware,Enterprise,90,NAN,0,10024,3.0,3.0,2025-07-27 05:04:45.425725,127.0,1.0,1.0,0.0,1.0,2.0,5.715,10.45,0.0,0,2,1.0,1.0,0.0,0.0,0.0,1.0,1.0,0.0,2-3 events,2-3 tickets,5-10h,False,False,False
C10025,user10025@example.com,Colorado,Free,0,Y,1,10025,0.0,0.0,,,0.0,0.0,0.0,0.0,3.0,17.003333333333334,23.21,0.0,1,2,0.0,0.0,1.0,2.0,0.0,1.0,1.0,1.0,0 events,2-3 tickets,15-20h,True,True,True
C10026,user10026@example.org,New York,Pro,43,NAN,0,10026,0.0,0.0,,,0.0,0.0,0.0,0.0,4.0,7.7775,10.75,0.0,4,0,1.0,1.0,2.0,0.0,0.0,1.0,2.0,1.0,0 events,4+ tickets,5-10h,False,True,True
C10027,user10027@example.net,Montana,Pro,51,NAN,0,10027,1.0,1.0,2025-09-02 00:54:28.443647,90.0,0.0,0.0,1.0,0.0,2.0,6.745,9.08,0.0,1,1,0.0,2.0,0.0,0.0,0.0,0.0,1.0,1.0,1 event,2-3 tickets,5-10h,False,False,False
C10028,user10028@example.com,Kentucky,Enterprise,92,NAN,0,10028,1.0,1.0,2025-09-15 06:24:38.833312,77.0,1.0,0.0,0.0,0.0,2.0,1.98,2.98,0.0,0,2,0.0,0.0,0.0,2.0,0.0,1.0,0.0,1.0,1 event,2-3 tickets,0-5h,False,False,False
C10029,user10029@example.com,Missouri,Pro,51,NAN,0,10029,2.0,2.0,2025-11-09 12:13:17.696846,22.0,1.0,0.0,1.0,0.0,4.0,6.6625000000000005,10.71,1.0,1,3,1.0,1.0,1.0,1.0,0.0,1.0,1.0,2.0,2-3 events,4+ tickets,5-10h,False,False,False
C10030,user10030@example.com,West Virginia,Enterprise,119,NAN,0,10030,1.0,1.0,2025-09-19 07:34:04.409871,73.0,0.0,0.0,1.0,0.0,2.0,6.965,10.51,0.0,2,0,2.0,0.0,0.0,0.0,0.0,1.0,1.0,0.0,1 event,2-3 tickets,5-10h,False,False,False
C10031,user10031@example.org,Connecticut,Free,0,NAN,0,10031,2.0,2.0,2025-10-08 16:39:03.692020,54.0,0.0,1.0,1.0,0.0,4.0,3.7199999999999998,6.22,0.0,2,2,2.0,0.0,1.0,1.0,1.0,2.0,1.0,0.0,2-3 events,4+ tickets,0-5h,False,False,False
C10032,user10032@example.org,New Mexico,Enterprise,104,Y,1,10032,0.0,0.0,,,0.0,0.0,0.0,0.0,2.0,21.6,27.9,1.0,1,1,0.0,0.0,1.0,1.0,0.0,0.0,1.0,1.0,0 events,2-3 tickets,20h+,True,True,True
C10033,user10033@example.org,Ohio,Pro,42,Y,1,10033,1.0,1.0,2025-09-28 22:53:09.996411,63.0,0.0,0.0,0.0,1.0,1.0,16.78,16.78,0.0,1,0,1.0,0.0,0.0,0.0,0.0,1.0,0.0,0.0,1 event,1 ticket,15-20h,True,False,True
C10034,user10034@example.com,Iowa,Enterprise,139,Y,1,10034,2.0,2.0,2025-11-22 07:38:45.332631,9.0,1.0,0.0,0.0,1.0,2.0,21.5,22.81,0.0,1,1,0.0,1.0,0.0,1.0,0.0,0.0,1.0,1.0,2-3 events,2-3 tickets,20h+,True,False,True
C10035,user10035@example.org,West Virginia,Basic,30,NAN,0,10035,1.0,1.0,2025-06-15 07:23:20.633108,169.0,0.0,1.0,0.0,0.0,1.0,7.63,7.63,0.0,0,1,0.0,1.0,0.0,0.0,0.0,0.0,1.0,0.0,1 event,1 ticket,5-10h,False,False,False
C10036,user10036@example.org,Connecticut,Enterprise,97,Y,1,10036,1.0,1.0,2025-06-06 04:31:25.837866,178.0,0.0,1.0,0.0,0.0,1.0,18.3,18.3,0.0,0,1,0.0,1.0,0.0,0.0,0.0,0.0,1.0,0.0,1 event,1 ticket,15-20h,True,False,True
C10037,user10037@example.net,Colorado,Pro,53,NAN,0,10037,4.0,4.0,2025-10-26 01:51:17.403757,36.0,2.0,0.0,1.0,1.0,2.0,9.25,9.5,0.0,2,0,0.0,1.0,0.0,1.0,0.0,0.0,1.0,1.0,4+ events,2-3 tickets,5-10h,False,False,False
C10038,user10038@example.org,Montana,Free,0,Y,1,10038,0.0,0.0,,,0.0,0.0,0.0,0.0,6.0,16.45,21.89,1.0,4,2,1.0,3.0,1.0,1.0,0.0,1.0,2.0,3.0,0 events,4+ tickets,15-20h,True,True,True
C10039,user10039@example.org,Rhode Island,Enterprise,125,NAN,0,10039,2.0,2.0,2025-06-20 21:59:02.898224,164.0,1.0,0.0,0.0,1.0,3.0,6.56,9.37,0.0,1,2,1.0,1.0,0.0,1.0,0.0,2.0,1.0,0.0,2-3 events,2-3 tickets,5-10h,False,False,False
C10040,user10040@example.net,Kansas,Basic,19,NAN,0,10040,0.0,0.0,,,0.0,0.0,0.0,0.0,4.0,6.442500000000001,11.06,0.0,0,4,1.0,1.0,1.0,1.0,1.0,0.0,2.0,1.0,0 events,4+ tickets,5-10h,False,True,True
C10041,user10041@example.org,Virginia,Enterprise,121,NAN,0,10041,1.0,1.0,2025-08-16 23:10:11.514340,106.0,0.0,1.0,0.0,0.0,3.0,4.319999999999999,5.91,0.0,1,2,0.0,0.0,3.0,0.0,0.0,0.0,1.0,2.0,1 event,2-3 tickets,0-5h,False,False,False
C10042,user10042@example.net,North Dakota,Enterprise,132,NAN,0,10042,0.0,0.0,,,0.0,0.0,0.0,0.0,1.0,4.72,4.72,0.0,1,0,0.0,0.0,1.0,0.0,0.0,1.0,0.0,0.0,0 events,1 ticket,0-5h,False,True,True
C10043,user10043@example.com,Hawaii,Enterprise,143,NAN,0,10043,0.0,0.0,,,0.0,0.0,0.0,0.0,0.0,,,0.0,0,0,0.0,0.0,0.0,0.0,0.0,0.0,0.0,0.0,0 events,0 tickets,,False,False,False
C10044,user10044@example.net,Louisiana,Basic,28,NAN,0,10044,2.0,2.0,2025-11-22 19:45:30.803583,9.0,0.0,1.0,1.0,0.0,4.0,6.5175,10.8,0.0,1,3,2.0,1.0,0.0,1.0,0.0,2.0,2.0,0.0,2-3 events,4+ tickets,5-10h,False,False,False
C10045,user10045@example.com,Nebraska,Basic,19,NAN,0,10045,3.0,3.0,2025-11-29 00:17:20.205459,2.0,1.0,1.0,1.0,0.0,2.0,7.369999999999999,7.77,0.0,1,1,1.0,0.0,1.0,0.0,0.0,2.0,0.0,0.0,2-3 events,2-3 tickets,5-10h,False,False,False
C10046,user10046@example.com,Rhode Island,Free,0,NAN,0,10046,0.0,0.0,,,0.0,0.0,0.0,0.0,1.0,3.73,3.73,0.0,0,1,0.0,0.0,0.0,1.0,0.0,0.0,0.0,1.0,0 events,1 ticket,0-5h,False,True,True
C10047,user10047@example.com,Missouri,Basic,22,NAN,0,10047,2.0,2.0,2025-10-01 01:50:31.454521,61.0,1.0,0.0,0.0,1.0,0.0,,,0.0,0,0,0.0,0.0,0.0,0.0,0.0,0.0,0.0,0.0,2-3 events,0 tickets,,False,False,False
C10048,user10048@example.net,South Dakota,Enterprise,134,NAN,0,10048,2.0,2.0,2025-11-20 15:26:09.082962,11.0,1.0,0.0,1.0,0.0,3.0,3.73,7.88,0.0,1,2,1.0,1.0,1.0,0.0,0.0,1.0,1.0,1.0,2-3 events,2-3 tickets,0-5h,False,False,False
C10049,user10049@example.org,Virginia,Basic,12,NAN,0,10049,2.0,2.0,2025-11-08 15:50:22.525907,23.0,1.0,0.0,0.0,1.0,1.0,3.17,3.17,0.0,1,0,0.0,1.0,0.0,0.0,0.0,0.0,1.0,0.0,2-3 events,1 ticket,0-5h,False,False,False
C10050,user10050@example.com,Connecticut,Basic,16,Y,1,10050,4.0,4.0,2025-10-25 19:24:56.845322,37.0,0.0,1.0,1.0,2.0,1.0,12.15,12.15,0.0,1,0,0.0,1.0,0.0,0.0,0.0,0.0,1.0,0.0,4+ events,1 ticket,10-15h,False,False,False
C10051,user10051@example.com,Hawaii,Free,0,NAN,0,10051,1.0,1.0,2025-11-01 06:02:55.906874,30.0,0.0,0.0,1.0,0.0,0.0,,,0.0,0,0,0.0,0.0,0.0,0.0,0.0,0.0,0.0,0.0,1 event,0 tickets,,False,False,False
C10052,user10052@example.com,West Virginia,Pro,33,Y,1,10052,0.0,0.0,,,0.0,0.0,0.0,0.0,6.0,17.830000000000002,28.24,0.0,3,3,1.0,3.0,1.0,1.0,1.0,1.0,1.0,3.0,0 events,4+ tickets,15-20h,True,True,True
C10053,user10053@example.org,Wisconsin,Basic,28,Y,1,10053,0.0,0.0,,,0.0,0.0,0.0,0.0,1.0,21.36,21.36,0.0,1,0,0.0,0.0,1.0,0.0,0.0,0.0,1.0,0.0,0 events,1 ticket,20h+,True,True,True
C10054,user10054@example.com,Montana,Free,0,NAN,0,10054,1.0,1.0,2025-07-26 03:19:57.681909,128.0,0.0,0.0,0.0,1.0,2.0,4.83,9.07,0.0,1,1,0.0,1.0,1.0,0.0,0.0,1.0,1.0,0.0,1 event,2-3 tickets,0-5h,False,False,False
C10055,user10055@example.net,West Virginia,Free,0,NAN,0,10055,2.0,2.0,2025-09-14 04:00:47.082406,78.0,0.0,0.0,1.0,1.0,1.0,6.0,6.0,0.0,0,1,0.0,0.0,0.0,1.0,0.0,1.0,0.0,0.0,2-3 events,1 ticket,5-10h,False,False,False
C10056,user10056@example.com,Utah,Basic,24,NAN,0,10056,1.0,1.0,2025-10-08 08:26:44.695764,54.0,0.0,0.0,1.0,0.0,2.0,11.690000000000001,12.81,0.0,1,1,2.0,0.0,0.0,0.0,1.0,0.0,1.0,0.0,1 event,2-3 tickets,10-15h,False,False,False
C10057,user10057@example.org,Washington,Free,0,NAN,0,10057,2.0,2.0,2025-11-10 06:47:47.714716,21.0,0.0,2.0,0.0,0.0,4.0,5.8425,10.66,0.0,0,4,2.0,2.0,0.0,0.0,0.0,2.0,0.0,2.0,2-3 events,4+ tickets,5-10h,False,False,False
C10058,user10058@example.org,Kansas,Free,0,Y,1,10058,0.0,0.0,,,0.0,0.0,0.0,0.0,2.0,21.57,29.21,0.0,2,0,0.0,0.0,2.0,0.0,0.0,0.0,1.0,1.0,0 events,2-3 tickets,20h+,True,True,True
C10059,user10059@example.com,Rhode Island,Basic,29,Y,1,10059,2.0,2.0,2025-11-01 12:54:53.878292,30.0,1.0,0.0,0.0,1.0,0.0,,,0.0,0,0,0.0,0.0,0.0,0.0,0.0,0.0,0.0,0.0,2-3 events,0 tickets,,False,False,False
C10060,user10060@example.org,Montana,Enterprise,95,NAN,0,10060,0.0,0.0,,,0.0,0.0,0.0,0.0,4.0,7.7025,10.44,0.0,2,2,0.0,2.0,2.0,0.0,0.0,1.0,2.0,1.0,0 events,4+ tickets,5-10h,False,True,True
C10061,user10061@example.com,Virginia,Enterprise,99,NAN,0,10061,1.0,1.0,2025-08-11 18:33:47.972745,112.0,0.0,0.0,0.0,1.0,1.0,2.07,2.07,0.0,0,1,0.0,0.0,1.0,0.0,0.0,1.0,0.0,0.0,1 event,1 ticket,0-5h,False,False,False
C10062,user10062@example.org,Arizona,Free,0,NAN,0,10062,1.0,1.0,2025-07-13 15:45:36.966240,141.0,0.0,0.0,1.0,0.0,0.0,,,0.0,0,0,0.0,0.0,0.0,0.0,0.0,0.0,0.0,0.0,1 event,0 tickets,,False,False,False
C10063,user10063@example.org,Louisiana,Free,0,Y,1,10063,0.0,0.0,,,0.0,0.0,0.0,0.0,3.0,16.423333333333332,21.4,0.0,0,3,1.0,1.0,1.0,0.0,0.0,0.0,0.0,3.0,0 events,2-3 tickets,15-20h,True,True,True
C10064,user10064@example.net,Nebraska,Basic,17,NAN,0,10064,1.0,1.0,2025-11-27 09:18:04.758168,4.0,0.0,0.0,1.0,0.0,3.0,12.386666666666665,13.19,0.0,1,2,1.0,2.0,0.0,0.0,1.0,1.0,1.0,0.0,1 event,2-3 tickets,10-15h,False,False,False
C10065,user10065@example.net,Utah,Basic,24,Y,1,10065,0.0,0.0,,,0.0,0.0,0.0,0.0,3.0,20.47,26.91,1.0,2,1,1.0,1.0,1.0,0.0,0.0,0.0,2.0,1.0,0 events,2-3 tickets,20h+,True,True,True
C10066,user10066@example.com,Vermont,Enterprise,140,NAN,0,10066,0.0,0.0,,,0.0,0.0,0.0,0.0,2.0,3.9,7.27,0.0,0,2,1.0,0.0,0.0,1.0,0.0,0.0,1.0,1.0,0 events,2-3 tickets,0-5h,False,True,True
C10067,user10067@example.org,Pennsylvania,Free,0,NAN,0,10067,0.0,0.0,,,0.0,0.0,0.0,0.0,3.0,5.1000000000000005,6.38,0.0,0,3,0.0,0.0,0.0,3.0,0.0,0.0,1.0,2.0,0 events,2-3 tickets,5-10h,False,True,True
C10068,user10068@example.org,Nevada,Free,0,Y,1,10068,0.0,0.0,,,0.0,0.0,0.0,0.0,1.0,12.57,12.57,0.0,1,0,0.0,0.0,1.0,0.0,0.0,0.0,1.0,0.0,0 events,1 ticket,10-15h,False,True,True
C10069,user10069@example.net,Hawaii,Enterprise,90,NAN,0,10069,0.0,0.0,,,0.0,0.0,0.0,0.0,1.0,5.11,5.11,0.0,0,1,0.0,0.0,0.0,1.0,0.0,0.0,0.0,1.0,0 events,1 ticket,5-10h,False,True,True
C10070,user10070@example.com,Iowa,Basic,17,NAN,0,10070,0.0,0.0,,,0.0,0.0,0.0,0.0,0.0,,,0.0,0,0,0.0,0.0,0.0,0.0,0.0,0.0,0.0,0.0,0 events,0 tickets,,False,False,False
C10071,user10071@example.com,Arkansas,Free,0,Y,1,10071,0.0,0.0,,,0.0,0.0,0.0,0.0,1.0,10.48,10.48,0.0,0,1,1.0,0.0,0.0,0.0,0.0,0.0,0.0,1.0,0 events,1 ticket,10-15h,False,True,True
C10072,user10072@example.com,Colorado,Enterprise,115,NAN,0,10072,2.0,2.0,2025-09-27 16:56:10.732446,65.0,1.0,1.0,0.0,0.0,2.0,5.1,6.75,0.0,1,1,1.0,1.0,0.0,0.0,0.0,0.0,0.0,2.0,2-3 events,2-3 tickets,5-10h,False,False,False
C10073,user10073@example.com,Virginia,Pro,79,NAN,0,10073,2.0,2.0,2025-11-21 12:50:58.419072,10.0,0.0,0.0,1.0,1.0,2.0,9.190000000000001,11.46,0.0,1,1,0.0,0.0,1.0,1.0,0.0,0.0,2.0,0.0,2-3 events,2-3 tickets,5-10h,False,False,False
C10074,user10074@example.net,Illinois,Free,0,Y,1,10074,0.0,0.0,,,0.0,0.0,0.0,0.0,2.0,21.715,29.35,0.0,0,2,0.0,0.0,1.0,1.0,0.0,0.0,0.0,2.0,0 events,2-3 tickets,20h+,True,True,True
C10075,user10075@example.net,Montana,Free,0,Y,1,10075,1.0,1.0,2025-08-03 09:31:23.474648,120.0,0.0,0.0,0.0,1.0,1.0,18.92,18.92,0.0,1,0,0.0,0.0,1.0,0.0,0.0,0.0,1.0,0.0,1 event,1 ticket,15-20h,True,False,True
C10076,user10076@example.net,Nebraska,Pro,49,Y,1,10076,0.0,0.0,,,0.0,0.0,0.0,0.0,2.0,25.380000000000003,27.51,0.0,0,2,0.0,1.0,0.0,1.0,0.0,0.0,1.0,1.0,0 events,2-3 tickets,20h+,True,True,True
C10077,user10077@example.net,Virginia,Free,0,NAN,0,10077,0.0,0.0,,,0.0,0.0,0.0,0.0,3.0,4.2299999999999995,9.29,0.0,0,3,1.0,2.0,0.0,0.0,0.0,1.0,2.0,0.0,0 events,2-3 tickets,0-5h,False,True,True
C10078,user10078@example.org,Kentucky,Enterprise,137,NAN,0,10078,2.0,2.0,2025-11-06 09:06:55.110297,25.0,0.0,2.0,0.0,0.0,2.0,5.865,6.46,0.0,2,0,1.0,0.0,1.0,0.0,0.0,0.0,0.0,2.0,2-3 events,2-3 tickets,5-10h,False,False,False
C10079,user10079@example.org,Florida,Pro,61,NAN,0,10079,1.0,1.0,2025-09-14 09:44:46.341972,78.0,0.0,0.0,1.0,0.0,2.0,5.19,6.65,0.0,1,1,0.0,0.0,1.0,1.0,0.0,1.0,1.0,0.0,1 event,2-3 tickets,5-10h,False,False,False
C10080,user10080@example.org,Delaware,Pro,64,NAN,0,10080,1.0,1.0,2025-07-13 09:49:28.777769,141.0,0.0,0.0,0.0,1.0,1.0,7.25,7.25,0.0,0,1,1.0,0.0,0.0,0.0,1.0,0.0,0.0,0.0,1 event,1 ticket,5-10h,False,False,False
C10081,user10081@example.com,Michigan,Free,0,NAN,0,10081,1.0,1.0,2025-09-01 07:45:46.336130,91.0,1.0,0.0,0.0,0.0,5.0,3.95,5.49,0.0,3,2,1.0,1.0,2.0,1.0,0.0,4.0,0.0,1.0,1 event,4+ tickets,0-5h,False,False,False
C10082,user10082@example.com,Ohio,Enterprise,131,NAN,0,10082,1.0,1.0,2025-07-20 01:02:24.695230,134.0,0.0,0.0,1.0,0.0,0.0,,,0.0,0,0,0.0,0.0,0.0,0.0,0.0,0.0,0.0,0.0,1 event,0 tickets,,False,False,False
C10083,user10083@example.net,New Jersey,Free,0,NAN,0,10083,3.0,3.0,2025-10-13 00:20:45.798913,49.0,1.0,0.0,0.0,2.0,5.0,6.697999999999999,11.5,0.0,3,2,2.0,3.0,0.0,0.0,0.0,2.0,2.0,1.0,2-3 events,4+ tickets,5-10h,False,False,False
C10084,user10084@example.com,Wyoming,Free,0,Y,1,10084,0.0,0.0,,,0.0,0.0,0.0,0.0,0.0,,,0.0,0,0,0.0,0.0,0.0,0.0,0.0,0.0,0.0,0.0,0 events,0 tickets,,False,False,False
C10085,user10085@example.net,North Dakota,Free,0,Y,1,10085,1.0,1.0,2025-11-24 18:10:07.097574,7.0,0.0,0.0,0.0,1.0,4.0,24.305,29.38,1.0,2,2,1.0,1.0,0.0,2.0,1.0,1.0,1.0,1.0,1 event,4+ tickets,20h+,True,False,True
C10086,user10086@example.net,California,Free,0,Y,1,10086,0.0,0.0,,,0.0,0.0,0.0,0.0,2.0,19.945,21.15,0.0,0,2,0.0,2.0,0.0,0.0,0.0,0.0,2.0,0.0,0 events,2-3 tickets,15-20h,True,True,True
C10087,user10087@example.com,New York,Pro,71,NAN,0,10087,2.0,2.0,2025-09-28 20:56:18.690670,64.0,0.0,0.0,1.0,1.0,2.0,3.3150000000000004,5.36,0.0,2,0,0.0,1.0,1.0,0.0,0.0,0.0,0.0,2.0,2-3 events,2-3 tickets,0-5h,False,False,False
C10088,user10088@example.com,Montana,Enterprise,104,Y,1,10088,1.0,1.0,2025-08-14 08:42:20.236649,109.0,0.0,0.0,0.0,1.0,2.0,18.97,25.89,0.0,1,1,0.0,0.0,1.0,1.0,0.0,0.0,2.0,0.0,1 event,2-3 tickets,15-20h,True,False,True
C10089,user10089@example.org,Texas,Free,0,NAN,0,10089,2.0,2.0,2025-11-26 11:23:13.110900,5.0,0.0,1.0,1.0,0.0,1.0,10.3,10.3,0.0,1,0,0.0,0.0,0.0,1.0,0.0,0.0,1.0,0.0,2-3 events,1 ticket,10-15h,False,False,False
C10090,user10090@example.com,Michigan,Free,0,NAN,0,10090,0.0,0.0,,,0.0,0.0,0.0,0.0,1.0,3.4,3.4,0.0,0,1,0.0,0.0,0.0,1.0,0.0,0.0,1.0,0.0,0 events,1 ticket,0-5h,False,True,True
C10091,user10091@example.org,Oklahoma,Pro,73,Y,1,10091,0.0,0.0,,,0.0,0.0,0.0,0.0,5.0,17.524,19.87,1.0,3,2,1.0,1.0,3.0,0.0,0.0,3.0,2.0,0.0,0 events,4+ tickets,15-20h,True,True,True
C10092,user10092@example.org,Pennsylvania,Basic,20,NAN,0,10092,0.0,0.0,,,0.0,0.0,0.0,0.0,1.0,1.22,1.22,0.0,1,0,0.0,0.0,1.0,0.0,0.0,0.0,0.0,1.0,0 events,1 ticket,0-5h,False,True,True
C10093,user10093@example.org,Arizona,Enterprise,95,NAN,0,10093,0.0,0.0,,,0.0,0.0,0.0,0.0,1.0,4.93,4.93,0.0,0,1,0.0,0.0,0.0,1.0,0.0,0.0,0.0,1.0,0 events,1 ticket,0-5h,False,True,True
C10094,user10094@example.org,Vermont,Enterprise,125,Y,1,10094,0.0,0.0,,,0.0,0.0,0.0,0.0,1.0,9.91,9.91,0.0,1,0,1.0,0.0,0.0,0.0,0.0,0.0,0.0,1.0,0 events,1 ticket,5-10h,False,True,True
C10095,user10095@example.org,Illinois,Basic,30,NAN,0,10095,0.0,0.0,,,0.0,0.0,0.0,0.0,2.0,7.35,8.15,1.0,0,2,1.0,0.0,0.0,1.0,0.0,1.0,1.0,0.0,0 events,2-3 tickets,5-10h,False,True,True
C10096,user10096@example.com,Michigan,Pro,60,Y,1,10096,0.0,0.0,,,0.0,0.0,0.0,0.0,1.0,14.1,14.1,0.0,1,0,1.0,0.0,0.0,0.0,0.0,0.0,1.0,0.0,0 events,1 ticket,10-15h,False,True,True
C10097,user10097@example.org,Connecticut,Pro,62,NAN,0,10097,1.0,1.0,2025-09-08 02:26:31.454518,84.0,0.0,0.0,1.0,0.0,3.0,8.863333333333333,10.63,0.0,0,3,0.0,0.0,0.0,3.0,0.0,1.0,0.0,2.0,1 event,2-3 tickets,5-10h,False,False,False
C10098,user10098@example.com,Missouri,Basic,28,Y,1,10098,0.0,0.0,,,0.0,0.0,0.0,0.0,2.0,18.939999999999998,24.09,0.0,1,1,1.0,1.0,0.0,0.0,0.0,1.0,1.0,0.0,0 events,2-3 tickets,15-20h,True,True,True
C10099,user10099@example.com,New Jersey,Enterprise,147,Y,1,10099,0.0,0.0,,,0.0,0.0,0.0,0.0,2.0,12.290000000000001,16.96,0.0,0,2,0.0,0.0,1.0,1.0,1.0,0.0,0.0,1.0,0 events,2-3 tickets,10-15h,False,True,True
C10100,user10100@example.com,Tennessee,Enterprise,111,NAN,0,10100,2.0,2.0,2025-11-14 13:53:36.603444,17.0,0.0,1.0,1.0,0.0,4.0,7.6625,11.74,0.0,1,3,1.0,2.0,0.0,1.0,0.0,2.0,1.0,1.0,2-3 events,4+ tickets,5-10h,False,False,False
C10101,user10101@example.com,Arizona,Basic,26,NAN,0,10101,2.0,2.0,2025-09-02 17:58:52.876506,90.0,0.0,1.0,0.0,1.0,4.0,7.6025,10.24,0.0,1,3,2.0,1.0,0.0,1.0,0.0,0.0,1.0,3.0,2-3 events,4+ tickets,5-10h,False,False,False
C10102,user10102@example.net,New Mexico,Free,0,NAN,0,10102,0.0,0.0,,,0.0,0.0,0.0,0.0,3.0,8.106666666666667,11.86,0.0,1,2,1.0,0.0,1.0,1.0,0.0,0.0,2.0,1.0,0 events,2-3 tickets,5-10h,False,True,True
C10103,user10103@example.org,Missouri,Basic,13,NAN,0,10103,1.0,1.0,2025-10-20 22:09:16.855611,41.0,1.0,0.0,0.0,0.0,4.0,6.3425,9.64,1.0,3,1,0.0,0.0,2.0,2.0,1.0,1.0,2.0,0.0,1 event,4+ tickets,5-10h,False,False,False
C10104,user10104@example.com,Illinois,Pro,69,NAN,0,10104,2.0,2.0,2025-08-31 20:14:27.919166,92.0,1.0,0.0,0.0,1.0,2.0,11.920000000000002,11.96,0.0,1,1,0.0,1.0,0.0,1.0,0.0,0.0,1.0,1.0,2-3 events,2-3 tickets,10-15h,False,False,False
C10105,user10105@example.com,Utah,Basic,12,NAN,0,10105,2.0,1.0,2025-08-16 17:59:37.411779,107.0,0.0,0.0,2.0,0.0,1.0,12.63,12.63,0.0,1,0,0.0,1.0,0.0,0.0,0.0,0.0,0.0,1.0,2-3 events,1 ticket,10-15h,False,False,False
C10106,user10106@example.org,North Carolina,Enterprise,130,NAN,0,10106,2.0,2.0,2025-11-21 05:08:31.496239,10.0,0.0,1.0,1.0,0.0,1.0,8.5,8.5,0.0,1,0,0.0,0.0,0.0,1.0,0.0,0.0,0.0,1.0,2-3 events,1 ticket,5-10h,False,False,False
C10107,user10107@example.org,Florida,Basic,10,NAN,0,10107,0.0,0.0,,,0.0,0.0,0.0,0.0,1.0,4.44,4.44,0.0,0,1,0.0,0.0,0.0,1.0,0.0,0.0,0.0,1.0,0 events,1 ticket,0-5h,False,True,True
C10108,user10108@example.com,Minnesota,Enterprise,94,Y,1,10108,0.0,0.0,,,0.0,0.0,0.0,0.0,4.0,17.0975,23.23,0.0,1,3,1.0,1.0,1.0,1.0,1.0,2.0,0.0,1.0,0 events,4+ tickets,15-20h,True,True,True
C10109,user10109@example.com,Tennessee,Enterprise,136,NAN,0,10109,3.0,3.0,2025-09-12 05:05:59.917521,80.0,0.0,1.0,0.0,2.0,3.0,2.143333333333333,3.93,0.0,2,1,1.0,1.0,1.0,0.0,0.0,3.0,0.0,0.0,2-3 events,2-3 tickets,0-5h,False,False,False
C10110,user10110@example.net,Maryland,Free,0,NAN,0,10110,2.0,2.0,2025-11-02 04:28:45.119863,29.0,0.0,1.0,0.0,1.0,3.0,14.256666666666666,18.14,0.0,2,1,0.0,0.0,3.0,0.0,0.0,1.0,1.0,1.0,2-3 events,2-3 tickets,10-15h,False,False,False
C10111,user10111@example.net,Tennessee,Free,0,Y,1,10111,0.0,0.0,,,0.0,0.0,0.0,0.0,3.0,16.466666666666665,20.29,1.0,1,2,1.0,0.0,2.0,0.0,0.0,2.0,1.0,0.0,0 events,2-3 tickets,15-20h,True,True,True
C10112,user10112@example.com,Idaho,Basic,30,NAN,0,10112,0.0,0.0,,,0.0,0.0,0.0,0.0,2.0,6.715,6.8,0.0,0,2,1.0,0.0,1.0,0.0,0.0,2.0,0.0,0.0,0 events,2-3 tickets,5-10h,False,True,True
C10113,user10113@example.net,Massachusetts,Enterprise,144,Y,1,10113,0.0,0.0,,,0.0,0.0,0.0,0.0,2.0,15.675,19.03,0.0,1,1,1.0,0.0,0.0,1.0,0.0,1.0,0.0,1.0,0 events,2-3 tickets,15-20h,True,True,True
C10114,user10114@example.net,New York,Free,0,Y,1,10114,0.0,0.0,,,0.0,0.0,0.0,0.0,1.0,23.44,23.44,0.0,1,0,1.0,0.0,0.0,0.0,0.0,1.0,0.0,0.0,0 events,1 ticket,20h+,True,True,True
C10115,user10115@example.net,Delaware,Pro,57,Y,1,10115,0.0,0.0,,,0.0,0.0,0.0,0.0,4.0,20.43,23.25,0.0,1,3,1.0,1.0,0.0,2.0,0.0,2.0,0.0,2.0,0 events,4+ tickets,20h+,True,True,True
C10116,user10116@example.org,Connecticut,Free,0,Y,1,10116,0.0,0.0,,,0.0,0.0,0.0,0.0,1.0,28.27,28.27,0.0,0,1,0.0,1.0,0.0,0.0,0.0,0.0,1.0,0.0,0 events,1 ticket,20h+,True,True,True
C10117,user10117@example.net,Idaho,Basic,16,Y,1,10117,0.0,0.0,,,0.0,0.0,0.0,0.0,2.0,10.925,11.63,0.0,0,2,0.0,0.0,1.0,1.0,0.0,1.0,1.0,0.0,0 events,2-3 tickets,10-15h,False,True,True
C10118,user10118@example.com,Delaware,Free,0,NAN,0,10118,2.0,2.0,2025-09-08 15:05:39.422721,84.0,0.0,0.0,1.0,1.0,1.0,10.69,10.69,0.0,0,1,1.0,0.0,0.0,0.0,0.0,1.0,0.0,0.0,2-3 events,1 ticket,10-15h,False,False,False
C10119,user10119@example.net,Maryland,Free,0,Y,1,10119,1.0,1.0,2025-06-06 09:59:43.305524,178.0,0.0,0.0,0.0,1.0,4.0,23.15,24.11,0.0,1,3,1.0,1.0,0.0,2.0,0.0,2.0,2.0,0.0,1 event,4+ tickets,20h+,True,False,True
C10120,user10120@example.net,Massachusetts,Free,0,NAN,0,10120,4.0,4.0,2025-10-09 17:05:47.800934,53.0,1.0,1.0,0.0,2.0,5.0,6.5680000000000005,10.78,0.0,1,4,1.0,0.0,2.0,2.0,0.0,3.0,2.0,0.0,4+ events,4+ tickets,5-10h,False,False,False
C10121,user10121@example.com,New Mexico,Pro,42,NAN,0,10121,3.0,3.0,2025-11-10 12:38:00.188081,21.0,1.0,1.0,1.0,0.0,4.0,6.425,10.43,0.0,1,3,0.0,1.0,3.0,0.0,0.0,2.0,1.0,1.0,2-3 events,4+ tickets,5-10h,False,False,False
C10122,user10122@example.com,South Dakota,Basic,30,NAN,0,10122,1.0,1.0,2025-11-15 13:08:09.558597,16.0,0.0,0.0,1.0,0.0,2.0,3.995,5.69,0.0,1,1,1.0,1.0,0.0,0.0,0.0,0.0,2.0,0.0,1 event,2-3 tickets,0-5h,False,False,False
C10123,user10123@example.com,Minnesota,Basic,19,NAN,0,10123,2.0,2.0,2025-11-17 22:43:02.034467,13.0,0.0,0.0,1.0,1.0,1.0,4.73,4.73,0.0,0,1,0.0,1.0,0.0,0.0,0.0,0.0,1.0,0.0,2-3 events,1 ticket,0-5h,False,False,False
C10124,user10124@example.org,Minnesota,Basic,25,NAN,0,10124,1.0,1.0,2025-08-19 21:23:06.966053,104.0,0.0,0.0,0.0,1.0,2.0,5.365,8.36,0.0,1,1,1.0,0.0,1.0,0.0,0.0,0.0,2.0,0.0,1 event,2-3 tickets,5-10h,False,False,False
C10125,user10125@example.com,Montana,Free,0,NAN,0,10125,0.0,0.0,,,0.0,0.0,0.0,0.0,3.0,9.19,11.48,0.0,1,2,0.0,0.0,0.0,3.0,0.0,1.0,0.0,2.0,0 events,2-3 tickets,5-10h,False,True,True
C10126,user10126@example.com,Ohio,Pro,62,NAN,0,10126,1.0,1.0,2025-11-29 04:32:28.017183,2.0,1.0,0.0,0.0,0.0,1.0,1.67,1.67,0.0,1,0,0.0,0.0,1.0,0.0,0.0,1.0,0.0,0.0,1 event,1 ticket,0-5h,False,False,False
C10127,user10127@example.com,Mississippi,Enterprise,120,NAN,0,10127,1.0,1.0,2025-09-18 03:56:19.990678,74.0,1.0,0.0,0.0,0.0,2.0,8.165000000000001,11.71,0.0,1,1,0.0,0.0,1.0,1.0,0.0,0.0,1.0,1.0,1 event,2-3 tickets,5-10h,False,False,False
C10128,user10128@example.org,Wyoming,Basic,17,NAN,0,10128,3.0,3.0,2025-11-19 14:12:15.405747,12.0,1.0,0.0,1.0,1.0,3.0,7.88,11.03,0.0,0,3,0.0,2.0,1.0,0.0,1.0,2.0,0.0,0.0,2-3 events,2-3 tickets,5-10h,False,False,False
C10129,user10129@example.net,Delaware,Basic,10,Y,1,10129,0.0,0.0,,,0.0,0.0,0.0,0.0,4.0,11.87,16.96,0.0,1,3,1.0,0.0,2.0,1.0,0.0,3.0,1.0,0.0,0 events,4+ tickets,10-15h,False,True,True
C10130,user10130@example.net,Washington,Basic,17,NAN,0,10130,1.0,1.0,2025-11-09 21:18:50.398350,22.0,0.0,0.0,0.0,1.0,0.0,,,0.0,0,0,0.0,0.0,0.0,0.0,0.0,0.0,0.0,0.0,1 event,0 tickets,,False,False,False
C10131,user10131@example.com,Kentucky,Pro,54,NAN,0,10131,0.0,0.0,,,0.0,0.0,0.0,0.0,0.0,,,0.0,0,0,0.0,0.0,0.0,0.0,0.0,0.0,0.0,0.0,0 events,0 tickets,,False,False,False
C10132,user10132@example.net,Alaska,Enterprise,125,NAN,0,10132,3.0,3.0,2025-10-20 08:28:42.427137,42.0,1.0,0.0,1.0,1.0,2.0,11.395,11.47,0.0,1,1,1.0,0.0,1.0,0.0,0.0,1.0,0.0,1.0,2-3 events,2-3 tickets,10-15h,False,False,False
C10133,user10133@example.org,Missouri,Enterprise,147,NAN,0,10133,3.0,3.0,2025-11-13 19:41:52.296504,18.0,1.0,0.0,1.0,1.0,4.0,6.5875,10.94,0.0,2,2,1.0,0.0,3.0,0.0,0.0,1.0,1.0,2.0,2-3 events,4+ tickets,5-10h,False,False,False
C10134,user10134@example.com,Vermont,Basic,23,NAN,0,10134,4.0,4.0,2025-09-08 17:37:56.416575,84.0,2.0,0.0,1.0,1.0,2.0,10.225,10.45,1.0,0,2,1.0,1.0,0.0,0.0,0.0,2.0,0.0,0.0,4+ events,2-3 tickets,10-15h,False,False,False
C10135,user10135@example.net,South Carolina,Basic,24,NAN,0,10135,0.0,0.0,,,0.0,0.0,0.0,0.0,3.0,4.136666666666667,7.51,1.0,2,1,0.0,0.0,1.0,2.0,0.0,1.0,1.0,1.0,0 events,2-3 tickets,0-5h,False,True,True
C10136,user10136@example.com,Arkansas,Free,0,NAN,0,10136,0.0,0.0,,,0.0,0.0,0.0,0.0,2.0,8.27,10.96,0.0,0,2,1.0,0.0,1.0,0.0,1.0,0.0,0.0,1.0,0 events,2-3 tickets,5-10h,False,True,True
C10137,user10137@example.net,Virginia,Free,0,NAN,0,10137,2.0,2.0,2025-09-27 23:57:28.200365,64.0,0.0,1.0,0.0,1.0,2.0,8.0,8.58,0.0,1,1,0.0,0.0,1.0,1.0,0.0,0.0,1.0,1.0,2-3 events,2-3 tickets,5-10h,False,False,False
C10138,user10138@example.com,West Virginia,Basic,10,NAN,0,10138,0.0,0.0,,,0.0,0.0,0.0,0.0,4.0,5.42,8.31,0.0,3,1,4.0,0.0,0.0,0.0,0.0,0.0,2.0,2.0,0 events,4+ tickets,5-10h,False,True,True
C10139,user10139@example.com,Missouri,Free,0,NAN,0,10139,1.0,1.0,2025-09-12 12:28:40.266616,80.0,0.0,0.0,1.0,0.0,4.0,6.6975,10.35,0.0,2,2,2.0,1.0,1.0,0.0,0.0,0.0,3.0,1.0,1 event,4+ tickets,5-10h,False,False,False
C10140,user10140@example.net,Massachusetts,Free,0,Y,1,10140,2.0,2.0,2025-10-28 00:44:11.872320,34.0,2.0,0.0,0.0,0.0,3.0,22.776666666666667,28.15,0.0,1,2,1.0,1.0,1.0,0.0,0.0,1.0,1.0,1.0,2-3 events,2-3 tickets,20h+,True,False,True
C10141,user10141@example.org,Utah,Enterprise,87,NAN,0,10141,2.0,2.0,2025-11-21 14:47:58.312133,10.0,0.0,1.0,1.0,0.0,2.0,11.0,12.74,0.0,0,2,0.0,1.0,0.0,1.0,0.0,0.0,2.0,0.0,2-3 events,2-3 tickets,10-15h,False,False,False
C10142,user10142@example.org,North Dakota,Enterprise,131,Y,1,10142,0.0,0.0,,,0.0,0.0,0.0,0.0,2.0,11.455,17.2,0.0,2,0,0.0,1.0,1.0,0.0,0.0,0.0,0.0,2.0,0 events,2-3 tickets,10-15h,False,True,True
C10143,user10143@example.com,Montana,Enterprise,137,NAN,0,10143,4.0,4.0,2025-09-30 16:12:00.485766,62.0,1.0,1.0,2.0,0.0,3.0,1.29,1.56,0.0,0,3,1.0,1.0,1.0,0.0,0.0,2.0,1.0,0.0,4+ events,2-3 tickets,0-5h,False,False,False
C10144,user10144@example.org,Vermont,Pro,56,NAN,0,10144,1.0,1.0,2025-06-26 03:24:45.395647,158.0,0.0,1.0,0.0,0.0,3.0,4.97,11.96,0.0,1,2,0.0,0.0,2.0,1.0,0.0,1.0,1.0,1.0,1 event,2-3 tickets,0-5h,False,False,False
C10145,user10145@example.net,Rhode Island,Enterprise,116,NAN,0,10145,2.0,2.0,2025-09-23 09:39:50.245895,69.0,1.0,1.0,0.0,0.0,1.0,11.49,11.49,0.0,0,1,0.0,0.0,1.0,0.0,0.0,0.0,0.0,1.0,2-3 events,1 ticket,10-15h,False,False,False
C10146,user10146@example.com,Florida,Enterprise,148,Y,1,10146,1.0,1.0,2025-10-16 07:50:35.300277,46.0,1.0,0.0,0.0,0.0,2.0,6.744999999999999,8.7,0.0,1,1,0.0,1.0,0.0,1.0,0.0,0.0,2.0,0.0,1 event,2-3 tickets,5-10h,False,False,False
C10147,user10147@example.com,Iowa,Basic,19,NAN,0,10147,1.0,1.0,2025-09-13 06:52:55.469696,79.0,1.0,0.0,0.0,0.0,1.0,5.2,5.2,0.0,0,1,0.0,1.0,0.0,0.0,0.0,1.0,0.0,0.0,1 event,1 ticket,5-10h,False,False,False
C10148,user10148@example.com,Ohio,Free,0,Y,1,10148,0.0,0.0,,,0.0,0.0,0.0,0.0,3.0,22.973333333333333,28.06,0.0,1,2,1.0,1.0,1.0,0.0,0.0,0.0,0.0,3.0,0 events,2-3 tickets,20h+,True,True,True
C10149,user10149@example.com,Louisiana,Free,0,NAN,0,10149,2.0,2.0,2025-09-09 08:36:33.046110,83.0,0.0,0.0,2.0,0.0,2.0,8.785,10.09,2.0,2,0,0.0,0.0,1.0,1.0,0.0,1.0,0.0,1.0,2-3 events,2-3 tickets,5-10h,False,False,False
C10150,user10150@example.net,Missouri,Basic,30,Y,1,10150,0.0,0.0,,,0.0,0.0,0.0,0.0,4.0,15.815000000000001,21.75,0.0,1,3,1.0,1.0,1.0,1.0,0.0,0.0,2.0,2.0,0 events,4+ tickets,15-20h,True,True,True
C10151,user10151@example.com,Pennsylvania,Enterprise,134,NAN,0,10151,1.0,1.0,2025-07-28 05:32:44.618787,126.0,1.0,0.0,0.0,0.0,3.0,9.323333333333332,11.3,0.0,1,2,1.0,1.0,0.0,1.0,0.0,2.0,1.0,0.0,1 event,2-3 tickets,5-10h,False,False,False
C10152,user10152@example.org,North Dakota,Pro,67,Y,1,10152,1.0,1.0,2025-11-11 12:12:03.755044,20.0,0.0,0.0,0.0,1.0,3.0,14.306666666666667,24.99,0.0,2,1,2.0,0.0,0.0,1.0,0.0,0.0,2.0,1.0,1 event,2-3 tickets,10-15h,False,False,False
C10153,user10153@example.net,Montana,Basic,13,NAN,0,10153,2.0,2.0,2025-10-29 18:19:36.374640,33.0,0.0,1.0,0.0,1.0,1.0,4.32,4.32,0.0,1,0,1.0,0.0,0.0,0.0,0.0,0.0,1.0,0.0,2-3 events,1 ticket,0-5h,False,False,False
C10154,user10154@example.net,Virginia,Free,0,Y,1,10154,1.0,1.0,2025-11-10 21:24:53.395851,21.0,1.0,0.0,0.0,0.0,1.0,14.51,14.51,0.0,0,1,0.0,1.0,0.0,0.0,0.0,0.0,1.0,0.0,1 event,1 ticket,10-15h,False,False,False
C10155,user10155@example.org,Virginia,Pro,34,Y,1,10155,0.0,0.0,,,0.0,0.0,0.0,0.0,1.0,15.62,15.62,0.0,1,0,0.0,1.0,0.0,0.0,0.0,0.0,1.0,0.0,0 events,1 ticket,15-20h,True,True,True
C10156,user10156@example.org,Massachusetts,Pro,72,NAN,0,10156,0.0,0.0,,,0.0,0.0,0.0,0.0,2.0,6.71,10.16,0.0,2,0,1.0,0.0,1.0,0.0,1.0,1.0,0.0,0.0,0 events,2-3 tickets,5-10h,False,True,True
C10157,user10157@example.com,Washington,Basic,18,NAN,0,10157,1.0,1.0,2025-09-30 21:56:29.336726,62.0,0.0,1.0,0.0,0.0,2.0,5.13,7.6,0.0,2,0,0.0,1.0,0.0,1.0,0.0,0.0,0.0,2.0,1 event,2-3 tickets,5-10h,False,False,False
C10158,user10158@example.com,Minnesota,Pro,73,NAN,0,10158,2.0,2.0,2025-09-18 07:17:40.343381,74.0,1.0,0.0,0.0,1.0,5.0,6.438,10.13,0.0,2,3,0.0,1.0,2.0,2.0,0.0,2.0,2.0,1.0,2-3 events,4+ tickets,5-10h,False,False,False
C10159,user10159@example.net,Ohio,Pro,69,NAN,0,10159,2.0,2.0,2025-11-09 03:48:50.471324,22.0,2.0,0.0,0.0,0.0,1.0,4.55,4.55,0.0,1,0,1.0,0.0,0.0,0.0,0.0,1.0,0.0,0.0,2-3 events,1 ticket,0-5h,False,False,False
C10160,user10160@example.net,New Jersey,Basic,21,Y,1,10160,0.0,0.0,,,0.0,0.0,0.0,0.0,0.0,,,0.0,0,0,0.0,0.0,0.0,0.0,0.0,0.0,0.0,0.0,0 events,0 tickets,,False,False,False
C10161,user10161@example.org,Ohio,Basic,27,NAN,0,10161,0.0,0.0,,,0.0,0.0,0.0,0.0,1.0,11.62,11.62,0.0,1,0,0.0,1.0,0.0,0.0,0.0,0.0,0.0,1.0,0 events,1 ticket,10-15h,False,True,True
C10162,user10162@example.net,Maryland,Pro,32,Y,1,10162,0.0,0.0,,,0.0,0.0,0.0,0.0,4.0,25.939999999999998,28.46,0.0,2,2,1.0,1.0,1.0,1.0,0.0,0.0,3.0,1.0,0 events,4+ tickets,20h+,True,True,True
C10163,user10163@example.net,Hawaii,Basic,24,Y,1,10163,0.0,0.0,,,0.0,0.0,0.0,0.0,3.0,20.80333333333333,23.31,0.0,1,2,0.0,0.0,2.0,1.0,0.0,1.0,1.0,1.0,0 events,2-3 tickets,20h+,True,True,True
C10164,user10164@example.com,Arkansas,Free,0,NAN,0,10164,2.0,2.0,2025-11-24 06:37:00.570219,7.0,0.0,1.0,1.0,0.0,2.0,6.805,9.17,0.0,2,0,0.0,0.0,0.0,2.0,0.0,1.0,1.0,0.0,2-3 events,2-3 tickets,5-10h,False,False,False
C10165,user10165@example.com,Tennessee,Enterprise,137,NAN,0,10165,2.0,2.0,2025-11-24 10:53:17.892889,7.0,0.0,1.0,1.0,0.0,2.0,9.954999999999998,10.87,0.0,1,1,1.0,1.0,0.0,0.0,0.0,1.0,0.0,1.0,2-3 events,2-3 tickets,5-10h,False,False,False
C10166,user10166@example.org,Nevada,Free,0,NAN,0,10166,3.0,3.0,2025-11-16 02:11:50.570343,15.0,0.0,0.0,2.0,1.0,3.0,9.753333333333332,10.41,0.0,2,1,1.0,2.0,0.0,0.0,0.0,0.0,1.0,2.0,2-3 events,2-3 tickets,5-10h,False,False,False
C10167,user10167@example.org,West Virginia,Pro,43,NAN,0,10167,2.0,2.0,2025-10-11 11:08:25.199298,51.0,1.0,0.0,0.0,1.0,1.0,6.87,6.87,0.0,0,1,0.0,0.0,0.0,1.0,0.0,0.0,1.0,0.0,2-3 events,1 ticket,5-10h,False,False,False
C10168,user10168@example.org,Utah,Enterprise,91,NAN,0,10168,2.0,2.0,2025-06-25 09:30:09.027420,159.0,1.0,0.0,1.0,0.0,4.0,14.0575,18.59,1.0,2,2,1.0,1.0,1.0,1.0,0.0,0.0,2.0,2.0,2-3 events,4+ tickets,10-15h,False,False,False
C10169,user10169@example.net,Connecticut,Basic,14,NAN,0,10169,2.0,2.0,2025-11-24 08:47:27.537349,7.0,1.0,0.0,0.0,1.0,4.0,7.3,10.33,0.0,2,2,1.0,3.0,0.0,0.0,0.0,0.0,1.0,3.0,2-3 events,4+ tickets,5-10h,False,False,False
C10170,user10170@example.org,New Jersey,Basic,22,Y,1,10170,0.0,0.0,,,0.0,0.0,0.0,0.0,2.0,24.195,28.57,0.0,1,1,0.0,1.0,0.0,1.0,0.0,0.0,1.0,1.0,0 events,2-3 tickets,20h+,True,True,True
C10171,user10171@example.org,Oregon,Basic,27,NAN,0,10171,1.0,1.0,2025-11-28 07:00:36.181092,3.0,0.0,0.0,1.0,0.0,2.0,10.16,11.35,0.0,1,1,1.0,0.0,0.0,1.0,0.0,1.0,1.0,0.0,1 event,2-3 tickets,10-15h,False,False,False
C10172,user10172@example.org,Georgia,Free,0,NAN,0,10172,1.0,1.0,2025-08-31 21:36:30.428969,92.0,0.0,0.0,1.0,0.0,0.0,,,0.0,0,0,0.0,0.0,0.0,0.0,0.0,0.0,0.0,0.0,1 event,0 tickets,,False,False,False
C10173,user10173@example.com,Florida,Basic,23,NAN,0,10173,2.0,2.0,2025-09-08 05:16:40.730774,84.0,1.0,1.0,0.0,0.0,1.0,7.99,7.99,0.0,0,1,0.0,0.0,0.0,1.0,0.0,1.0,0.0,0.0,2-3 events,1 ticket,5-10h,False,False,False
C10174,user10174@example.com,Tennessee,Free,0,NAN,0,10174,1.0,1.0,2025-08-13 03:58:51.470052,110.0,0.0,0.0,1.0,0.0,2.0,4.91,6.28,0.0,2,0,0.0,0.0,1.0,1.0,0.0,0.0,0.0,2.0,1 event,2-3 tickets,0-5h,False,False,False
C10175,user10175@example.net,Massachusetts,Free,0,NAN,0,10175,0.0,0.0,,,0.0,0.0,0.0,0.0,1.0,1.85,1.85,0.0,1,0,1.0,0.0,0.0,0.0,0.0,0.0,1.0,0.0,0 events,1 ticket,0-5h,False,True,True
C10176,user10176@example.com,South Carolina,Pro,50,NAN,0,10176,0.0,0.0,,,0.0,0.0,0.0,0.0,3.0,1.9866666666666666,2.17,0.0,1,2,1.0,1.0,1.0,0.0,0.0,1.0,1.0,1.0,0 events,2-3 tickets,0-5h,False,True,True
C10177,user10177@example.org,South Dakota,Pro,80,NAN,0,10177,3.0,3.0,2025-11-27 02:44:33.182556,4.0,0.0,0.0,2.0,1.0,3.0,10.253333333333334,11.55,0.0,1,2,1.0,1.0,1.0,0.0,1.0,0.0,0.0,2.0,2-3 events,2-3 tickets,10-15h,False,False,False
C10178,user10178@example.org,Idaho,Basic,21,NAN,0,10178,2.0,2.0,2025-09-10 01:03:09.651632,82.0,0.0,0.0,0.0,2.0,2.0,3.2800000000000002,4.83,0.0,1,1,1.0,1.0,0.0,0.0,0.0,1.0,0.0,1.0,2-3 events,2-3 tickets,0-5h,False,False,False
C10179,user10179@example.net,Mississippi,Basic,10,NAN,0,10179,5.0,5.0,2025-11-13 09:30:18.091580,18.0,0.0,1.0,3.0,1.0,1.0,6.32,6.32,0.0,0,1,0.0,1.0,0.0,0.0,0.0,0.0,0.0,1.0,4+ events,1 ticket,5-10h,False,False,False
C10180,user10180@example.org,Missouri,Pro,54,NAN,0,10180,1.0,1.0,2025-06-08 14:31:36.572738,176.0,0.0,0.0,0.0,1.0,2.0,6.42,7.55,0.0,2,0,0.0,1.0,1.0,0.0,0.0,1.0,1.0,0.0,1 event,2-3 tickets,5-10h,False,False,False
C10181,user10181@example.com,Mississippi,Free,0,Y,1,10181,0.0,0.0,,,0.0,0.0,0.0,0.0,1.0,20.91,20.91,0.0,0,1,0.0,0.0,0.0,1.0,0.0,1.0,0.0,0.0,0 events,1 ticket,20h+,True,True,True
C10182,user10182@example.net,Wisconsin,Pro,34,NAN,0,10182,0.0,0.0,,,0.0,0.0,0.0,0.0,2.0,5.635,7.34,0.0,0,2,1.0,0.0,0.0,1.0,0.0,0.0,1.0,1.0,0 events,2-3 tickets,5-10h,False,True,True
C10183,user10183@example.net,Michigan,Enterprise,112,Y,1,10183,0.0,0.0,,,0.0,0.0,0.0,0.0,0.0,,,0.0,0,0,0.0,0.0,0.0,0.0,0.0,0.0,0.0,0.0,0 events,0 tickets,,False,False,False
C10184,user10184@example.com,Colorado,Free,0,Y,1,10184,0.0,0.0,,,0.0,0.0,0.0,0.0,1.0,11.75,11.75,0.0,1,0,0.0,1.0,0.0,0.0,0.0,0.0,1.0,0.0,0 events,1 ticket,10-15h,False,True,True
C10185,user10185@example.net,Wisconsin,Basic,15,NAN,0,10185,3.0,3.0,2025-11-01 13:10:23.789944,30.0,0.0,0.0,1.0,2.0,4.0,6.1625,8.06,0.0,4,0,1.0,0.0,1.0,2.0,1.0,1.0,1.0,1.0,2-3 events,4+ tickets,5-10h,False,False,False
C10186,user10186@example.net,North Dakota,Free,0,NAN,0,10186,1.0,1.0,2025-08-21 15:31:44.841085,102.0,0.0,0.0,1.0,0.0,2.0,2.735,3.84,0.0,2,0,0.0,2.0,0.0,0.0,0.0,0.0,1.0,1.0,1 event,2-3 tickets,0-5h,False,False,False
C10187,user10187@example.net,Alaska,Free,0,Y,1,10187,1.0,1.0,2025-06-20 22:34:04.962615,163.0,0.0,0.0,0.0,1.0,3.0,21.846666666666664,31.08,1.0,2,1,0.0,2.0,1.0,0.0,0.0,3.0,0.0,0.0,1 event,2-3 tickets,20h+,True,False,True
C10188,user10188@example.com,Tennessee,Pro,48,NAN,0,10188,3.0,3.0,2025-09-17 13:36:18.838963,75.0,2.0,0.0,0.0,1.0,2.0,7.87,8.59,0.0,1,1,0.0,1.0,0.0,1.0,0.0,2.0,0.0,0.0,2-3 events,2-3 tickets,5-10h,False,False,False
C10189,user10189@example.net,Vermont,Pro,37,NAN,0,10189,1.0,1.0,2025-08-04 18:31:24.212506,119.0,0.0,1.0,0.0,0.0,3.0,4.516666666666667,5.38,0.0,2,1,2.0,0.0,0.0,1.0,0.0,0.0,1.0,2.0,1 event,2-3 tickets,0-5h,False,False,False
C10190,user10190@example.com,Virginia,Pro,77,NAN,0,10190,0.0,0.0,,,0.0,0.0,0.0,0.0,2.0,8.075,11.67,0.0,2,0,0.0,0.0,1.0,1.0,0.0,1.0,1.0,0.0,0 events,2-3 tickets,5-10h,False,True,True
C10191,user10191@example.com,Idaho,Pro,45,NAN,0,10191,1.0,1.0,2025-06-05 18:11:38.814774,179.0,0.0,0.0,1.0,0.0,4.0,10.4475,11.79,0.0,2,2,1.0,2.0,0.0,1.0,0.0,1.0,3.0,0.0,1 event,4+ tickets,10-15h,False,False,False
C10192,user10192@example.org,Delaware,Enterprise,94,NAN,0,10192,3.0,3.0,2025-10-23 21:29:46.723284,39.0,1.0,0.0,1.0,1.0,2.0,7.1499999999999995,11.27,0.0,2,0,0.0,1.0,1.0,0.0,0.0,1.0,1.0,0.0,2-3 events,2-3 tickets,5-10h,False,False,False
C10193,user10193@example.org,Washington,Free,0,NAN,0,10193,2.0,2.0,2025-10-28 12:56:59.700213,34.0,1.0,0.0,0.0,1.0,4.0,7.865,11.78,1.0,3,1,1.0,0.0,2.0,1.0,0.0,1.0,0.0,3.0,2-3 events,4+ tickets,5-10h,False,False,False
C10194,user10194@example.net,Massachusetts,Basic,15,NAN,0,10194,2.0,2.0,2025-10-15 13:22:14.112585,47.0,1.0,0.0,1.0,0.0,3.0,6.306666666666666,11.95,0.0,1,2,1.0,1.0,0.0,1.0,0.0,2.0,0.0,1.0,2-3 events,2-3 tickets,5-10h,False,False,False
C10195,user10195@example.org,Alaska,Basic,24,NAN,0,10195,1.0,1.0,2025-11-25 17:50:42.891595,6.0,1.0,0.0,0.0,0.0,2.0,5.155,9.5,0.0,1,1,2.0,0.0,0.0,0.0,0.0,0.0,1.0,1.0,1 event,2-3 tickets,5-10h,False,False,False
C10196,user10196@example.net,Indiana,Enterprise,140,NAN,0,10196,3.0,3.0,2025-11-21 09:02:11.807619,10.0,0.0,1.0,0.0,2.0,2.0,11.485,11.62,0.0,0,2,1.0,0.0,1.0,0.0,1.0,0.0,0.0,1.0,2-3 events,2-3 tickets,10-15h,False,False,False
C10197,user10197@example.org,Maryland,Basic,12,NAN,0,10197,3.0,3.0,2025-10-17 14:10:32.655251,45.0,0.0,1.0,2.0,0.0,6.0,9.691666666666668,12.46,0.0,3,3,2.0,1.0,2.0,1.0,0.0,1.0,3.0,2.0,2-3 events,4+ tickets,5-10h,False,False,False
C10198,user10198@example.com,North Carolina,Pro,78,NAN,0,10198,1.0,1.0,2025-06-21 10:22:08.788866,163.0,0.0,0.0,0.0,1.0,0.0,,,0.0,0,0,0.0,0.0,0.0,0.0,0.0,0.0,0.0,0.0,1 event,0 tickets,,False,False,False
C10199,user10199@example.org,Alabama,Free,0,NAN,0,10199,0.0,0.0,,,0.0,0.0,0.0,0.0,3.0,4.876666666666666,7.29,0.0,0,3,1.0,0.0,1.0,1.0,0.0,3.0,0.0,0.0,0 events,2-3 tickets,0-5h,False,True,True
C10200,user10200@example.net,Illinois,Pro,64,NAN,0,10200,3.0,3.0,2025-11-09 21:35:11.784085,22.0,0.0,0.0,1.0,2.0,0.0,,,0.0,0,0,0.0,0.0,0.0,0.0,0.0,0.0,0.0,0.0,2-3 events,0 tickets,,False,False,False
C10201,user10201@example.com,Vermont,Enterprise,81,NAN,0,10201,0.0,0.0,,,0.0,0.0,0.0,0.0,2.0,8.28,9.01,0.0,1,1,1.0,0.0,1.0,0.0,0.0,0.0,1.0,1.0,0 events,2-3 tickets,5-10h,False,True,True
C10202,user10202@example.com,Virginia,Basic,21,NAN,0,10202,2.0,2.0,2025-11-21 07:28:52.656124,10.0,1.0,1.0,0.0,0.0,3.0,7.07,10.7,0.0,2,1,2.0,0.0,0.0,1.0,0.0,0.0,0.0,3.0,2-3 events,2-3 tickets,5-10h,False,False,False
C10203,user10203@example.com,Hawaii,Free,0,NAN,0,10203,2.0,2.0,2025-11-23 01:12:36.141321,8.0,1.0,0.0,1.0,0.0,1.0,10.64,10.64,1.0,1,0,0.0,1.0,0.0,0.0,0.0,0.0,1.0,0.0,2-3 events,1 ticket,10-15h,False,False,False
C10204,user10204@example.net,Rhode Island,Enterprise,139,NAN,0,10204,1.0,1.0,2025-06-13 19:23:02.471537,171.0,0.0,0.0,1.0,0.0,0.0,,,0.0,0,0,0.0,0.0,0.0,0.0,0.0,0.0,0.0,0.0,1 event,0 tickets,,False,False,False
C10205,user10205@example.org,Indiana,Pro,39,NAN,0,10205,1.0,1.0,2025-11-04 09:13:59.610465,27.0,0.0,0.0,0.0,1.0,3.0,10.0,10.57,0.0,1,2,1.0,1.0,1.0,0.0,0.0,2.0,1.0,0.0,1 event,2-3 tickets,5-10h,False,False,False
C10206,user10206@example.org,Missouri,Free,0,Y,1,10206,0.0,0.0,,,0.0,0.0,0.0,0.0,4.0,18.9025,28.84,0.0,3,1,2.0,1.0,0.0,1.0,1.0,0.0,1.0,2.0,0 events,4+ tickets,15-20h,True,True,True
C10207,user10207@example.org,Maryland,Pro,35,NAN,0,10207,1.0,1.0,2025-11-24 00:29:17.507476,7.0,0.0,0.0,0.0,1.0,3.0,12.696666666666667,18.55,0.0,1,2,1.0,0.0,1.0,1.0,0.0,1.0,1.0,1.0,1 event,2-3 tickets,10-15h,False,False,False
C10208,user10208@example.org,Delaware,Basic,24,NAN,0,10208,3.0,3.0,2025-08-27 05:11:18.853319,96.0,1.0,0.0,1.0,1.0,3.0,7.593333333333334,8.45,0.0,2,1,1.0,2.0,0.0,0.0,1.0,0.0,1.0,1.0,2-3 events,2-3 tickets,5-10h,False,False,False
C10209,user10209@example.net,New Hampshire,Basic,15,NAN,0,10209,1.0,1.0,2025-10-12 07:06:43.286312,50.0,0.0,0.0,0.0,1.0,3.0,5.323333333333333,10.85,1.0,2,1,0.0,0.0,1.0,2.0,0.0,1.0,1.0,1.0,1 event,2-3 tickets,5-10h,False,False,False
C10210,user10210@example.org,Iowa,Basic,12,NAN,0,10210,3.0,3.0,2025-11-19 21:44:12.883889,12.0,2.0,0.0,1.0,0.0,4.0,7.967499999999999,11.61,0.0,1,3,1.0,1.0,1.0,1.0,0.0,2.0,1.0,1.0,2-3 events,4+ tickets,5-10h,False,False,False
C10211,user10211@example.com,New Mexico,Basic,23,NAN,0,10211,1.0,1.0,2025-11-23 15:16:48.211627,8.0,0.0,1.0,0.0,0.0,4.0,5.8325,11.77,0.0,1,3,1.0,2.0,0.0,1.0,0.0,1.0,1.0,2.0,1 event,4+ tickets,5-10h,False,False,False
C10212,user10212@example.org,Texas,Free,0,NAN,0,10212,4.0,4.0,2025-11-08 23:49:16.275126,22.0,1.0,1.0,1.0,1.0,3.0,6.776666666666666,9.77,0.0,1,2,0.0,1.0,1.0,1.0,0.0,2.0,1.0,0.0,4+ events,2-3 tickets,5-10h,False,False,False
C10213,user10213@example.net,Wisconsin,Pro,39,NAN,0,10213,0.0,0.0,,,0.0,0.0,0.0,0.0,1.0,1.3,1.3,0.0,1,0,0.0,0.0,1.0,0.0,0.0,0.0,1.0,0.0,0 events,1 ticket,0-5h,False,True,True
C10214,user10214@example.com,North Dakota,Enterprise,118,Y,1,10214,2.0,2.0,2025-08-24 13:52:00.472029,99.0,2.0,0.0,0.0,0.0,1.0,17.5,17.5,0.0,0,1,0.0,1.0,0.0,0.0,1.0,0.0,0.0,0.0,2-3 events,1 ticket,15-20h,True,False,True
C10215,user10215@example.com,Alaska,Pro,65,NAN,0,10215,0.0,0.0,,,0.0,0.0,0.0,0.0,3.0,7.44,10.03,0.0,1,2,0.0,1.0,1.0,1.0,0.0,1.0,0.0,2.0,0 events,2-3 tickets,5-10h,False,True,True
C10216,user10216@example.net,South Carolina,Basic,20,NAN,0,10216,1.0,1.0,2025-10-25 21:17:56.414789,37.0,0.0,0.0,1.0,0.0,3.0,7.986666666666667,11.6,0.0,3,0,2.0,0.0,1.0,0.0,0.0,1.0,2.0,0.0,1 event,2-3 tickets,5-10h,False,False,False
C10217,user10217@example.net,Oklahoma,Enterprise,81,NAN,0,10217,1.0,1.0,2025-10-21 14:12:49.223185,41.0,0.0,1.0,0.0,0.0,1.0,10.19,10.19,0.0,1,0,0.0,0.0,0.0,1.0,0.0,0.0,0.0,1.0,1 event,1 ticket,10-15h,False,False,False
C10218,user10218@example.net,Montana,Basic,21,NAN,0,10218,1.0,1.0,2025-11-12 21:48:07.073002,19.0,1.0,0.0,0.0,0.0,1.0,4.58,4.58,0.0,0,1,1.0,0.0,0.0,0.0,0.0,0.0,0.0,1.0,1 event,1 ticket,0-5h,False,False,False
C10219,user10219@example.net,Illinois,Basic,23,Y,1,10219,1.0,1.0,2025-08-14 00:26:08.950211,109.0,0.0,0.0,0.0,1.0,4.0,22.385,29.15,0.0,1,3,3.0,0.0,0.0,1.0,0.0,0.0,3.0,1.0,1 event,4+ tickets,20h+,True,False,True
C10220,user10220@example.org,Arkansas,Basic,15,NAN,0,10220,2.0,2.0,2025-09-08 08:15:05.264103,84.0,1.0,0.0,0.0,1.0,2.0,2.915,3.46,1.0,1,1,1.0,0.0,0.0,1.0,0.0,1.0,0.0,1.0,2-3 events,2-3 tickets,0-5h,False,False,False
C10221,user10221@example.com,New Hampshire,Pro,73,NAN,0,10221,0.0,0.0,,,0.0,0.0,0.0,0.0,4.0,10.895,11.87,1.0,2,2,1.0,0.0,1.0,2.0,0.0,0.0,2.0,2.0,0 events,4+ tickets,10-15h,False,True,True
C10222,user10222@example.net,Minnesota,Free,0,NAN,0,10222,0.0,0.0,,,0.0,0.0,0.0,0.0,1.0,5.05,5.05,0.0,1,0,0.0,0.0,0.0,1.0,0.0,0.0,1.0,0.0,0 events,1 ticket,5-10h,False,True,True
C10223,user10223@example.com,Rhode Island,Enterprise,91,NAN,0,10223,3.0,3.0,2025-10-26 09:47:53.436424,36.0,0.0,2.0,0.0,1.0,3.0,9.143333333333333,10.43,0.0,1,2,0.0,2.0,0.0,1.0,0.0,2.0,1.0,0.0,2-3 events,2-3 tickets,5-10h,False,False,False
C10224,user10224@example.org,Iowa,Basic,30,NAN,0,10224,0.0,0.0,,,0.0,0.0,0.0,0.0,1.0,8.06,8.06,0.0,0,1,0.0,1.0,0.0,0.0,0.0,1.0,0.0,0.0,0 events,1 ticket,5-10h,False,True,True
C10225,user10225@example.net,Oregon,Enterprise,144,Y,1,10225,0.0,0.0,,,0.0,0.0,0.0,0.0,1.0,32.46,32.46,0.0,1,0,0.0,0.0,1.0,0.0,0.0,1.0,0.0,0.0,0 events,1 ticket,20h+,True,True,True
C10226,user10226@example.com,California,Free,0,NAN,0,10226,2.0,2.0,2025-08-28 07:47:20.561814,95.0,0.0,0.0,0.0,2.0,1.0,2.66,2.66,0.0,0,1,0.0,1.0,0.0,0.0,0.0,1.0,0.0,0.0,2-3 events,1 ticket,0-5h,False,False,False
C10227,user10227@example.net,Wyoming,Basic,23,NAN,0,10227,2.0,2.0,2025-09-28 20:02:17.422851,64.0,1.0,1.0,0.0,0.0,2.0,5.295,6.86,0.0,1,1,0.0,2.0,0.0,0.0,0.0,1.0,1.0,0.0,2-3 events,2-3 tickets,5-10h,False,False,False
C10228,user10228@example.org,Alabama,Basic,27,NAN,0,10228,3.0,3.0,2025-09-12 03:12:17.206174,80.0,0.0,1.0,2.0,0.0,3.0,4.97,10.53,0.0,0,3,1.0,0.0,2.0,0.0,0.0,0.0,3.0,0.0,2-3 events,2-3 tickets,0-5h,False,False,False
C10229,user10229@example.org,Nebraska,Pro,49,NAN,0,10229,2.0,2.0,2025-09-15 17:42:14.267263,77.0,1.0,0.0,0.0,1.0,1.0,14.01,14.01,1.0,0,1,0.0,0.0,1.0,0.0,0.0,1.0,0.0,0.0,2-3 events,1 ticket,10-15h,False,False,False
C10230,user10230@example.com,Georgia,Enterprise,125,NAN,0,10230,1.0,1.0,2025-06-12 18:52:42.370071,172.0,1.0,0.0,0.0,0.0,2.0,12.64,14.94,0.0,1,1,1.0,1.0,0.0,0.0,0.0,0.0,0.0,2.0,1 event,2-3 tickets,10-15h,False,False,False
C10231,user10231@example.org,New York,Basic,21,NAN,0,10231,2.0,2.0,2025-11-02 19:37:28.016108,29.0,1.0,0.0,1.0,0.0,3.0,6.366666666666666,8.19,0.0,2,1,1.0,2.0,0.0,0.0,0.0,1.0,2.0,0.0,2-3 events,2-3 tickets,5-10h,False,False,False
C10232,user10232@example.net,Maine,Free,0,NAN,0,10232,2.0,2.0,2025-12-01 06:31:51.141559,0.0,1.0,1.0,0.0,0.0,4.0,7.109999999999999,12.0,0.0,4,0,2.0,2.0,0.0,0.0,0.0,4.0,0.0,0.0,2-3 events,4+ tickets,5-10h,False,False,False
C10233,user10233@example.org,Nevada,Free,0,NAN,0,10233,2.0,2.0,2025-06-22 00:55:16.123213,162.0,2.0,0.0,0.0,0.0,1.0,5.01,5.01,0.0,1,0,1.0,0.0,0.0,0.0,0.0,0.0,1.0,0.0,2-3 events,1 ticket,5-10h,False,False,False
C10234,user10234@example.org,Idaho,Pro,32,NAN,0,10234,1.0,1.0,2025-06-25 08:05:11.208505,159.0,0.0,0.0,0.0,1.0,2.0,7.165,9.59,1.0,0,2,0.0,0.0,1.0,1.0,0.0,1.0,1.0,0.0,1 event,2-3 tickets,5-10h,False,False,False
C10235,user10235@example.org,California,Pro,66,Y,1,10235,1.0,1.0,2025-10-20 12:40:13.064105,42.0,0.0,0.0,0.0,1.0,1.0,17.31,17.31,0.0,0,1,0.0,0.0,0.0,1.0,0.0,0.0,0.0,1.0,1 event,1 ticket,15-20h,True,False,True
C10236,user10236@example.net,South Dakota,Free,0,NAN,0,10236,0.0,0.0,,,0.0,0.0,0.0,0.0,4.0,7.02,10.33,0.0,1,3,2.0,0.0,2.0,0.0,1.0,0.0,1.0,2.0,0 events,4+ tickets,5-10h,False,True,True
C10237,user10237@example.net,Maine,Pro,78,Y,1,10237,0.0,0.0,,,0.0,0.0,0.0,0.0,3.0,18.973333333333333,24.33,0.0,1,2,0.0,2.0,0.0,1.0,1.0,0.0,1.0,1.0,0 events,2-3 tickets,15-20h,True,True,True
C10238,user10238@example.org,Wisconsin,Basic,18,Y,1,10238,0.0,0.0,,,0.0,0.0,0.0,0.0,1.0,15.03,15.03,0.0,0,1,0.0,0.0,1.0,0.0,0.0,0.0,1.0,0.0,0 events,1 ticket,15-20h,True,True,True
C10239,user10239@example.net,Indiana,Pro,45,NAN,0,10239,2.0,2.0,2025-08-29 22:40:43.207505,93.0,0.0,1.0,1.0,0.0,1.0,7.38,7.38,0.0,0,1,0.0,0.0,1.0,0.0,0.0,0.0,1.0,0.0,2-3 events,1 ticket,5-10h,False,False,False
C10240,user10240@example.net,Nebraska,Basic,29,Y,1,10240,0.0,0.0,,,0.0,0.0,0.0,0.0,2.0,25.755,28.2,0.0,1,1,0.0,0.0,0.0,2.0,0.0,1.0,1.0,0.0,0 events,2-3 tickets,20h+,True,True,True
C10241,user10241@example.org,New York,Enterprise,138,NAN,0,10241,5.0,5.0,2025-11-13 16:18:41.142635,18.0,2.0,1.0,1.0,1.0,2.0,5.795,7.25,0.0,2,0,0.0,0.0,2.0,0.0,0.0,1.0,0.0,1.0,4+ events,2-3 tickets,5-10h,False,False,False
C10242,user10242@example.org,Texas,Pro,62,NAN,0,10242,1.0,1.0,2025-10-23 19:26:49.648539,39.0,0.0,1.0,0.0,0.0,1.0,2.61,2.61,0.0,1,0,1.0,0.0,0.0,0.0,0.0,0.0,0.0,1.0,1 event,1 ticket,0-5h,False,False,False
C10243,user10243@example.com,Iowa,Pro,79,NAN,0,10243,3.0,3.0,2025-09-21 05:16:59.419058,71.0,0.0,2.0,0.0,1.0,0.0,,,0.0,0,0,0.0,0.0,0.0,0.0,0.0,0.0,0.0,0.0,2-3 events,0 tickets,,False,False,False
C10244,user10244@example.net,Delaware,Basic,20,NAN,0,10244,0.0,0.0,,,0.0,0.0,0.0,0.0,6.0,5.343333333333334,11.89,0.0,4,2,1.0,0.0,1.0,4.0,0.0,3.0,2.0,1.0,0 events,4+ tickets,5-10h,False,True,True
C10245,user10245@example.org,New Hampshire,Free,0,NAN,0,10245,1.0,1.0,2025-06-18 18:44:13.237569,166.0,1.0,0.0,0.0,0.0,1.0,3.97,3.97,0.0,0,1,0.0,1.0,0.0,0.0,0.0,0.0,0.0,1.0,1 event,1 ticket,0-5h,False,False,False
C10246,user10246@example.net,Oklahoma,Enterprise,145,Y,1,10246,0.0,0.0,,,0.0,0.0,0.0,0.0,2.0,15.82,17.95,0.0,0,2,0.0,0.0,1.0,1.0,0.0,1.0,0.0,1.0,0 events,2-3 tickets,15-20h,True,True,True
C10247,user10247@example.com,North Dakota,Free,0,NAN,0,10247,1.0,1.0,2025-10-08 19:08:21.248545,54.0,0.0,0.0,1.0,0.0,3.0,5.823333333333333,6.73,0.0,2,1,0.0,1.0,0.0,2.0,0.0,0.0,1.0,2.0,1 event,2-3 tickets,5-10h,False,False,False
C10248,user10248@example.org,Oklahoma,Basic,23,NAN,0,10248,1.0,1.0,2025-08-15 20:39:45.842879,108.0,1.0,0.0,0.0,0.0,2.0,7.025,8.47,0.0,1,1,1.0,1.0,0.0,0.0,0.0,0.0,0.0,2.0,1 event,2-3 tickets,5-10h,False,False,False
C10249,user10249@example.com,Texas,Pro,67,NAN,0,10249,1.0,1.0,2025-10-18 04:54:50.131103,44.0,0.0,0.0,1.0,0.0,2.0,7.9350000000000005,11.88,0.0,0,2,0.0,0.0,1.0,1.0,0.0,0.0,2.0,0.0,1 event,2-3 tickets,5-10h,False,False,False
C10250,user10250@example.org,Vermont,Enterprise,132,NAN,0,10250,0.0,0.0,,,0.0,0.0,0.0,0.0,3.0,6.736666666666667,10.7,0.0,1,2,3.0,0.0,0.0,0.0,0.0,3.0,0.0,0.0,0 events,2-3 tickets,5-10h,False,True,True
C10251,user10251@example.com,Hawaii,Basic,26,NAN,0,10251,2.0,2.0,2025-11-26 16:28:42.368557,5.0,2.0,0.0,0.0,0.0,3.0,7.580000000000001,10.8,0.0,1,2,2.0,1.0,0.0,0.0,1.0,1.0,1.0,0.0,2-3 events,2-3 tickets,5-10h,False,False,False
C10252,user10252@example.com,Pennsylvania,Basic,16,Y,1,10252,1.0,1.0,2025-10-09 07:54:57.483776,53.0,1.0,0.0,0.0,0.0,2.0,23.03,26.4,0.0,0,2,1.0,0.0,1.0,0.0,0.0,2.0,0.0,0.0,1 event,2-3 tickets,20h+,True,False,True
C10253,user10253@example.org,South Carolina,Enterprise,104,NAN,0,10253,2.0,2.0,2025-11-29 20:26:05.431604,2.0,0.0,1.0,1.0,0.0,2.0,6.22,11.04,0.0,1,1,0.0,0.0,0.0,2.0,0.0,0.0,1.0,1.0,2-3 events,2-3 tickets,5-10h,False,False,False
C10254,user10254@example.org,Washington,Free,0,Y,1,10254,1.0,1.0,2025-06-25 14:25:37.379408,159.0,1.0,0.0,0.0,0.0,1.0,12.04,12.04,0.0,0,1,0.0,1.0,0.0,0.0,0.0,0.0,0.0,1.0,1 event,1 ticket,10-15h,False,False,False
C10255,user10255@example.net,Iowa,Basic,13,Y,1,10255,0.0,0.0,,,0.0,0.0,0.0,0.0,5.0,18.130000000000003,24.81,1.0,2,3,1.0,2.0,2.0,0.0,0.0,2.0,2.0,1.0,0 events,4+ tickets,15-20h,True,True,True
C10256,user10256@example.com,Arizona,Enterprise,133,NAN,0,10256,0.0,0.0,,,0.0,0.0,0.0,0.0,1.0,6.15,6.15,0.0,0,1,0.0,0.0,0.0,1.0,0.0,1.0,0.0,0.0,0 events,1 ticket,5-10h,False,True,True
C10257,user10257@example.com,North Carolina,Pro,55,NAN,0,10257,0.0,0.0,,,0.0,0.0,0.0,0.0,4.0,3.6075,7.19,0.0,1,3,0.0,2.0,2.0,0.0,0.0,1.0,1.0,2.0,0 events,4+ tickets,0-5h,False,True,True
C10258,user10258@example.org,Kansas,Free,0,Y,1,10258,0.0,0.0,,,0.0,0.0,0.0,0.0,4.0,19.1025,28.05,0.0,3,1,2.0,1.0,0.0,1.0,0.0,2.0,2.0,0.0,0 events,4+ tickets,15-20h,True,True,True
C10259,user10259@example.org,Idaho,Free,0,NAN,0,10259,0.0,0.0,,,0.0,0.0,0.0,0.0,4.0,5.9625,10.92,0.0,1,3,1.0,1.0,1.0,1.0,0.0,3.0,0.0,1.0,0 events,4+ tickets,5-10h,False,True,True
C10260,user10260@example.com,Rhode Island,Basic,22,NAN,0,10260,1.0,1.0,2025-10-24 00:23:33.153455,38.0,1.0,0.0,0.0,0.0,4.0,5.8925,11.81,0.0,4,0,2.0,0.0,2.0,0.0,0.0,1.0,0.0,3.0,1 event,4+ tickets,5-10h,False,False,False
C10261,user10261@example.org,Virginia,Free,0,NAN,0,10261,0.0,0.0,,,0.0,0.0,0.0,0.0,0.0,,,0.0,0,0,0.0,0.0,0.0,0.0,0.0,0.0,0.0,0.0,0 events,0 tickets,,False,False,False
C10262,user10262@example.org,Florida,Enterprise,82,NAN,0,10262,2.0,2.0,2025-08-22 01:32:36.424667,101.0,0.0,1.0,1.0,0.0,2.0,7.955,11.7,0.0,2,0,1.0,0.0,1.0,0.0,1.0,1.0,0.0,0.0,2-3 events,2-3 tickets,5-10h,False,False,False
C10263,user10263@example.org,New York,Enterprise,117,NAN,0,10263,1.0,1.0,2025-07-19 03:32:51.975681,135.0,0.0,0.0,0.0,1.0,4.0,5.605,9.56,0.0,1,3,0.0,0.0,3.0,1.0,0.0,1.0,1.0,2.0,1 event,4+ tickets,5-10h,False,False,False
C10264,user10264@example.com,Idaho,Enterprise,93,NAN,0,10264,4.0,4.0,2025-10-14 20:39:47.890090,48.0,2.0,1.0,0.0,1.0,0.0,,,0.0,0,0,0.0,0.0,0.0,0.0,0.0,0.0,0.0,0.0,4+ events,0 tickets,,False,False,False
C10265,user10265@example.net,Colorado,Free,0,NAN,0,10265,1.0,1.0,2025-11-01 19:10:10.456810,30.0,0.0,0.0,0.0,1.0,1.0,6.22,6.22,0.0,1,0,0.0,0.0,1.0,0.0,0.0,0.0,1.0,0.0,1 event,1 ticket,5-10h,False,False,False
C10266,user10266@example.net,Virginia,Free,0,NAN,0,10266,5.0,5.0,2025-10-01 04:29:39.607286,61.0,2.0,1.0,1.0,1.0,2.0,7.415,7.83,1.0,2,0,1.0,0.0,0.0,1.0,0.0,1.0,0.0,1.0,4+ events,2-3 tickets,5-10h,False,False,False
C10267,user10267@example.net,Colorado,Pro,35,Y,1,10267,1.0,1.0,2025-08-29 07:21:43.147406,94.0,0.0,1.0,0.0,0.0,2.0,15.61,21.85,0.0,1,1,0.0,0.0,0.0,2.0,0.0,1.0,0.0,1.0,1 event,2-3 tickets,15-20h,True,False,True
C10268,user10268@example.net,Vermont,Basic,24,NAN,0,10268,1.0,1.0,2025-07-28 03:31:14.088900,126.0,0.0,0.0,0.0,1.0,3.0,6.633333333333333,10.14,0.0,1,2,1.0,0.0,1.0,1.0,0.0,1.0,0.0,2.0,1 event,2-3 tickets,5-10h,False,False,False
C10269,user10269@example.org,Delaware,Enterprise,125,NAN,0,10269,0.0,0.0,,,0.0,0.0,0.0,0.0,4.0,4.215,8.86,1.0,1,3,1.0,2.0,1.0,0.0,0.0,2.0,2.0,0.0,0 events,4+ tickets,0-5h,False,True,True
C10270,user10270@example.org,Alaska,Basic,12,Y,1,10270,0.0,0.0,,,0.0,0.0,0.0,0.0,4.0,19.44,25.77,0.0,2,2,1.0,1.0,0.0,2.0,0.0,2.0,1.0,1.0,0 events,4+ tickets,15-20h,True,True,True
C10271,user10271@example.org,Hawaii,Enterprise,130,NAN,0,10271,3.0,3.0,2025-12-01 21:12:13.342817,0.0,1.0,0.0,1.0,1.0,4.0,5.0600000000000005,9.98,0.0,3,1,2.0,0.0,1.0,1.0,0.0,3.0,1.0,0.0,2-3 events,4+ tickets,5-10h,False,False,False
C10272,user10272@example.com,Pennsylvania,Basic,14,NAN,0,10272,2.0,2.0,2025-10-17 01:32:02.103827,45.0,0.0,0.0,2.0,0.0,5.0,6.048,11.74,1.0,3,2,0.0,1.0,0.0,4.0,0.0,1.0,2.0,2.0,2-3 events,4+ tickets,5-10h,False,False,False
C10273,user10273@example.org,Rhode Island,Free,0,Y,1,10273,1.0,1.0,2025-09-06 13:05:49.370927,86.0,0.0,0.0,0.0,1.0,3.0,18.63,23.95,0.0,1,2,0.0,1.0,1.0,1.0,0.0,0.0,2.0,1.0,1 event,2-3 tickets,15-20h,True,False,True
C10274,user10274@example.org,Virginia,Basic,11,NAN,0,10274,1.0,1.0,2025-10-22 14:00:35.220580,40.0,0.0,0.0,1.0,0.0,1.0,3.34,3.34,0.0,1,0,0.0,0.0,0.0,1.0,1.0,0.0,0.0,0.0,1 event,1 ticket,0-5h,False,False,False
C10275,user10275@example.com,Indiana,Enterprise,145,NAN,0,10275,2.0,2.0,2025-09-23 07:12:07.680188,69.0,0.0,1.0,0.0,1.0,2.0,1.7599999999999998,2.78,0.0,2,0,0.0,0.0,1.0,1.0,0.0,2.0,0.0,0.0,2-3 events,2-3 tickets,0-5h,False,False,False
C10276,user10276@example.net,Massachusetts,Free,0,NAN,0,10276,0.0,0.0,,,0.0,0.0,0.0,0.0,4.0,6.645,11.45,0.0,2,2,1.0,2.0,1.0,0.0,0.0,1.0,1.0,2.0,0 events,4+ tickets,5-10h,False,True,True
C10277,user10277@example.org,Indiana,Enterprise,129,Y,1,10277,0.0,0.0,,,0.0,0.0,0.0,0.0,3.0,16.18,20.0,0.0,1,2,0.0,2.0,1.0,0.0,0.0,1.0,0.0,2.0,0 events,2-3 tickets,15-20h,True,True,True
C10278,user10278@example.net,Missouri,Pro,78,NAN,0,10278,1.0,1.0,2025-10-20 01:57:24.023048,42.0,0.0,1.0,0.0,0.0,1.0,8.24,8.24,0.0,0,1,0.0,1.0,0.0,0.0,0.0,0.0,1.0,0.0,1 event,1 ticket,5-10h,False,False,False
C10279,user10279@example.net,Tennessee,Enterprise,140,Y,1,10279,0.0,0.0,,,0.0,0.0,0.0,0.0,5.0,15.136,20.64,0.0,3,2,2.0,1.0,1.0,1.0,0.0,3.0,1.0,1.0,0 events,4+ tickets,15-20h,True,True,True
C10280,user10280@example.net,North Carolina,Pro,53,NAN,0,10280,3.0,3.0,2025-11-12 10:03:04.279488,19.0,0.0,1.0,0.0,2.0,2.0,7.96,10.42,0.0,2,0,1.0,0.0,1.0,0.0,0.0,1.0,0.0,1.0,2-3 events,2-3 tickets,5-10h,False,False,False
C10281,user10281@example.net,Michigan,Enterprise,120,Y,1,10281,0.0,0.0,,,0.0,0.0,0.0,0.0,3.0,14.853333333333333,18.57,0.0,0,3,1.0,2.0,0.0,0.0,0.0,0.0,0.0,3.0,0 events,2-3 tickets,10-15h,False,True,True
C10282,user10282@example.org,Nevada,Enterprise,141,Y,1,10282,0.0,0.0,,,0.0,0.0,0.0,0.0,2.0,21.535,24.92,0.0,2,0,0.0,1.0,0.0,1.0,0.0,1.0,1.0,0.0,0 events,2-3 tickets,20h+,True,True,True
C10283,user10283@example.org,Minnesota,Enterprise,124,NAN,0,10283,0.0,0.0,,,0.0,0.0,0.0,0.0,3.0,5.7,10.08,0.0,0,3,0.0,1.0,1.0,1.0,0.0,2.0,1.0,0.0,0 events,2-3 tickets,5-10h,False,True,True
C10284,user10284@example.org,North Dakota,Free,0,NAN,0,10284,1.0,1.0,2025-06-11 16:36:18.128199,173.0,0.0,0.0,0.0,1.0,1.0,11.59,11.59,0.0,0,1,1.0,0.0,0.0,0.0,0.0,0.0,1.0,0.0,1 event,1 ticket,10-15h,False,False,False
C10285,user10285@example.net,Maryland,Enterprise,133,NAN,0,10285,0.0,0.0,,,0.0,0.0,0.0,0.0,1.0,12.42,12.42,0.0,1,0,0.0,0.0,1.0,0.0,0.0,0.0,1.0,0.0,0 events,1 ticket,10-15h,False,True,True
C10286,user10286@example.org,Arizona,Pro,78,NAN,0,10286,1.0,1.0,2025-09-06 19:52:31.415741,86.0,0.0,0.0,1.0,0.0,1.0,10.39,10.39,0.0,0,1,0.0,1.0,0.0,0.0,0.0,0.0,1.0,0.0,1 event,1 ticket,10-15h,False,False,False
C10287,user10287@example.com,Oregon,Enterprise,108,NAN,0,10287,0.0,0.0,,,0.0,0.0,0.0,0.0,1.0,13.69,13.69,0.0,0,1,0.0,1.0,0.0,0.0,0.0,1.0,0.0,0.0,0 events,1 ticket,10-15h,False,True,True
C10288,user10288@example.com,Kansas,Basic,16,NAN,0,10288,1.0,1.0,2025-11-06 23:59:43.737413,24.0,0.0,0.0,1.0,0.0,3.0,9.306666666666667,10.73,0.0,2,1,0.0,1.0,2.0,0.0,1.0,1.0,1.0,0.0,1 event,2-3 tickets,5-10h,False,False,False
C10289,user10289@example.org,Michigan,Free,0,Y,1,10289,1.0,1.0,2025-08-31 21:48:21.239774,92.0,0.0,0.0,0.0,1.0,4.0,20.3025,25.54,0.0,3,1,0.0,3.0,1.0,0.0,1.0,1.0,2.0,0.0,1 event,4+ tickets,20h+,True,False,True
C10290,user10290@example.net,Pennsylvania,Free,0,Y,1,10290,0.0,0.0,,,0.0,0.0,0.0,0.0,1.0,25.9,25.9,0.0,0,1,0.0,0.0,1.0,0.0,0.0,0.0,1.0,0.0,0 events,1 ticket,20h+,True,True,True
C10291,user10291@example.com,Florida,Pro,51,Y,1,10291,0.0,0.0,,,0.0,0.0,0.0,0.0,2.0,22.595,25.14,0.0,2,0,1.0,0.0,1.0,0.0,0.0,1.0,0.0,1.0,0 events,2-3 tickets,20h+,True,True,True
C10292,user10292@example.org,Mississippi,Free,0,Y,1,10292,1.0,1.0,2025-06-05 15:38:13.785738,179.0,0.0,0.0,0.0,1.0,0.0,,,0.0,0,0,0.0,0.0,0.0,0.0,0.0,0.0,0.0,0.0,1 event,0 tickets,,False,False,False
C10293,user10293@example.net,Wyoming,Basic,20,NAN,0,10293,2.0,2.0,2025-10-07 15:04:45.221428,55.0,1.0,1.0,0.0,0.0,4.0,5.8175,6.71,0.0,1,3,1.0,1.0,0.0,2.0,1.0,2.0,1.0,0.0,2-3 events,4+ tickets,5-10h,False,False,False
C10294,user10294@example.net,Arizona,Pro,54,NAN,0,10294,3.0,3.0,2025-10-28 17:15:36.715292,34.0,1.0,0.0,1.0,1.0,3.0,7.38,10.72,0.0,0,3,1.0,1.0,1.0,0.0,0.0,0.0,1.0,2.0,2-3 events,2-3 tickets,5-10h,False,False,False
C10295,user10295@example.com,Georgia,Basic,12,NAN,0,10295,1.0,1.0,2025-08-23 23:13:09.904108,99.0,0.0,0.0,1.0,0.0,0.0,,,0.0,0,0,0.0,0.0,0.0,0.0,0.0,0.0,0.0,0.0,1 event,0 tickets,,False,False,False
C10296,user10296@example.org,Mississippi,Pro,50,Y,1,10296,0.0,0.0,,,0.0,0.0,0.0,0.0,3.0,16.24,22.43,0.0,2,1,0.0,1.0,1.0,1.0,0.0,0.0,2.0,1.0,0 events,2-3 tickets,15-20h,True,True,True
C10297,user10297@example.net,Mississippi,Pro,48,NAN,0,10297,0.0,0.0,,,0.0,0.0,0.0,0.0,1.0,3.92,3.92,0.0,0,1,0.0,0.0,0.0,1.0,0.0,1.0,0.0,0.0,0 events,1 ticket,0-5h,False,True,True
C10298,user10298@example.com,Louisiana,Pro,37,NAN,0,10298,0.0,0.0,,,0.0,0.0,0.0,0.0,0.0,,,0.0,0,0,0.0,0.0,0.0,0.0,0.0,0.0,0.0,0.0,0 events,0 tickets,,False,False,False
C10299,user10299@example.org,Montana,Free,0,Y,1,10299,0.0,0.0,,,0.0,0.0,0.0,0.0,2.0,17.9,27.75,1.0,0,2,1.0,1.0,0.0,0.0,0.0,1.0,1.0,0.0,0 events,2-3 tickets,15-20h,True,True,True
C10300,user10300@example.com,Washington,Basic,27,NAN,0,10300,1.0,1.0,2025-10-28 16:44:36.042058,34.0,0.0,0.0,1.0,0.0,6.0,9.268333333333333,11.37,0.0,1,5,1.0,1.0,1.0,3.0,1.0,4.0,0.0,1.0,1 event,4+ tickets,5-10h,False,False,False
C10301,user10301@example.com,Mississippi,Pro,47,NAN,0,10301,1.0,1.0,2025-08-17 23:02:23.467543,105.0,1.0,0.0,0.0,0.0,0.0,,,0.0,0,0,0.0,0.0,0.0,0.0,0.0,0.0,0.0,0.0,1 event,0 tickets,,False,False,False
C10302,user10302@example.net,Oregon,Enterprise,136,Y,1,10302,0.0,0.0,,,0.0,0.0,0.0,0.0,3.0,20.823333333333334,28.58,0.0,1,2,0.0,1.0,2.0,0.0,0.0,3.0,0.0,0.0,0 events,2-3 tickets,20h+,True,True,True
C10303,user10303@example.org,Mississippi,Pro,61,NAN,0,10303,2.0,2.0,2025-08-05 06:38:58.189645,118.0,1.0,0.0,1.0,0.0,4.0,3.3249999999999997,5.89,0.0,3,1,3.0,0.0,1.0,0.0,0.0,1.0,2.0,1.0,2-3 events,4+ tickets,0-5h,False,False,False
C10304,user10304@example.com,New Hampshire,Pro,55,Y,1,10304,0.0,0.0,,,0.0,0.0,0.0,0.0,3.0,22.743333333333336,26.87,1.0,2,1,2.0,1.0,0.0,0.0,0.0,1.0,1.0,1.0,0 events,2-3 tickets,20h+,True,True,True
C10305,user10305@example.net,North Dakota,Free,0,NAN,0,10305,2.0,2.0,2025-09-23 19:03:05.137525,69.0,1.0,0.0,1.0,0.0,3.0,7.010000000000001,10.88,0.0,2,1,0.0,0.0,1.0,2.0,0.0,0.0,3.0,0.0,2-3 events,2-3 tickets,5-10h,False,False,False
C10306,user10306@example.net,Tennessee,Free,0,NAN,0,10306,2.0,2.0,2025-12-01 08:37:45.464974,0.0,0.0,0.0,1.0,1.0,1.0,5.14,5.14,0.0,1,0,1.0,0.0,0.0,0.0,0.0,0.0,0.0,1.0,2-3 events,1 ticket,5-10h,False,False,False
C10307,user10307@example.com,Indiana,Basic,11,NAN,0,10307,0.0,0.0,,,0.0,0.0,0.0,0.0,2.0,5.755,6.47,0.0,2,0,2.0,0.0,0.0,0.0,0.0,0.0,0.0,2.0,0 events,2-3 tickets,5-10h,False,True,True
C10308,user10308@example.com,Vermont,Free,0,Y,1,10308,0.0,0.0,,,0.0,0.0,0.0,0.0,1.0,17.5,17.5,0.0,1,0,1.0,0.0,0.0,0.0,1.0,0.0,0.0,0.0,0 events,1 ticket,15-20h,True,True,True
C10309,user10309@example.org,Michigan,Pro,42,NAN,0,10309,3.0,3.0,2025-10-31 23:51:04.460048,30.0,1.0,0.0,0.0,2.0,4.0,7.0275,10.73,0.0,2,2,1.0,1.0,2.0,0.0,0.0,2.0,0.0,2.0,2-3 events,4+ tickets,5-10h,False,False,False
C10310,user10310@example.net,Arizona,Basic,20,NAN,0,10310,2.0,2.0,2025-08-31 05:06:10.761887,92.0,0.0,2.0,0.0,0.0,0.0,,,0.0,0,0,0.0,0.0,0.0,0.0,0.0,0.0,0.0,0.0,2-3 events,0 tickets,,False,False,False
C10311,user10311@example.com,North Dakota,Basic,10,Y,1,10311,0.0,0.0,,,0.0,0.0,0.0,0.0,3.0,25.189999999999998,28.18,0.0,1,2,2.0,1.0,0.0,0.0,0.0,3.0,0.0,0.0,0 events,2-3 tickets,20h+,True,True,True
C10312,user10312@example.net,Wyoming,Enterprise,134,NAN,0,10312,3.0,3.0,2025-10-02 21:07:12.173685,60.0,0.0,3.0,0.0,0.0,0.0,,,0.0,0,0,0.0,0.0,0.0,0.0,0.0,0.0,0.0,0.0,2-3 events,0 tickets,,False,False,False
C10313,user10313@example.com,Virginia,Basic,18,NAN,0,10313,1.0,1.0,2025-07-15 22:30:05.141083,138.0,0.0,1.0,0.0,0.0,0.0,,,0.0,0,0,0.0,0.0,0.0,0.0,0.0,0.0,0.0,0.0,1 event,0 tickets,,False,False,False
C10314,user10314@example.org,Wisconsin,Basic,17,NAN,0,10314,1.0,1.0,2025-11-22 03:41:21.923125,9.0,0.0,0.0,0.0,1.0,0.0,,,0.0,0,0,0.0,0.0,0.0,0.0,0.0,0.0,0.0,0.0,1 event,0 tickets,,False,False,False
C10315,user10315@example.org,Oregon,Pro,74,NAN,0,10315,4.0,4.0,2025-10-02 20:00:57.124755,60.0,2.0,0.0,2.0,0.0,0.0,,,0.0,0,0,0.0,0.0,0.0,0.0,0.0,0.0,0.0,0.0,4+ events,0 tickets,,False,False,False
C10316,user10316@example.org,West Virginia,Enterprise,103,Y,1,10316,0.0,0.0,,,0.0,0.0,0.0,0.0,3.0,23.063333333333333,28.66,0.0,3,0,0.0,0.0,1.0,2.0,0.0,1.0,0.0,2.0,0 events,2-3 tickets,20h+,True,True,True
C10317,user10317@example.com,Colorado,Basic,30,Y,1,10317,0.0,0.0,,,0.0,0.0,0.0,0.0,1.0,19.94,19.94,0.0,0,1,0.0,1.0,0.0,0.0,0.0,0.0,1.0,0.0,0 events,1 ticket,15-20h,True,True,True
C10318,user10318@example.net,Nevada,Basic,28,NAN,0,10318,1.0,1.0,2025-10-08 22:07:24.153756,53.0,0.0,1.0,0.0,0.0,2.0,3.39,3.39,0.0,1,1,0.0,1.0,1.0,0.0,0.0,0.0,2.0,0.0,1 event,2-3 tickets,0-5h,False,False,False
C10319,user10319@example.net,Colorado,Basic,21,NAN,0,10319,0.0,0.0,,,0.0,0.0,0.0,0.0,5.0,7.964,11.6,0.0,3,2,0.0,3.0,1.0,1.0,0.0,2.0,3.0,0.0,0 events,4+ tickets,5-10h,False,True,True
C10320,user10320@example.com,Rhode Island,Basic,10,Y,1,10320,0.0,0.0,,,0.0,0.0,0.0,0.0,1.0,24.92,24.92,0.0,1,0,0.0,0.0,1.0,0.0,0.0,0.0,1.0,0.0,0 events,1 ticket,20h+,True,True,True
C10321,user10321@example.net,Arkansas,Enterprise,92,NAN,0,10321,1.0,1.0,2025-08-25 15:37:49.628875,98.0,0.0,0.0,1.0,0.0,1.0,2.22,2.22,0.0,0,1,1.0,0.0,0.0,0.0,0.0,0.0,0.0,1.0,1 event,1 ticket,0-5h,False,False,False
C10322,user10322@example.net,Texas,Pro,34,Y,1,10322,0.0,0.0,,,0.0,0.0,0.0,0.0,8.0,14.64,23.27,0.0,4,4,0.0,3.0,3.0,2.0,0.0,1.0,5.0,2.0,0 events,4+ tickets,10-15h,False,True,True
C10323,user10323@example.com,Wyoming,Basic,18,NAN,0,10323,1.0,1.0,2025-09-15 08:55:16.011066,77.0,1.0,0.0,0.0,0.0,0.0,,,0.0,0,0,0.0,0.0,0.0,0.0,0.0,0.0,0.0,0.0,1 event,0 tickets,,False,False,False
C10324,user10324@example.com,Utah,Enterprise,93,Y,1,10324,0.0,0.0,,,0.0,0.0,0.0,0.0,2.0,22.509999999999998,23.23,0.0,1,1,1.0,0.0,1.0,0.0,1.0,1.0,0.0,0.0,0 events,2-3 tickets,20h+,True,True,True
C10325,user10325@example.com,Florida,Free,0,Y,1,10325,1.0,1.0,2025-10-03 13:53:52.333760,59.0,0.0,1.0,0.0,0.0,3.0,15.223333333333334,17.17,0.0,2,1,0.0,1.0,1.0,1.0,0.0,1.0,2.0,0.0,1 event,2-3 tickets,15-20h,True,False,True
C10326,user10326@example.net,Kentucky,Basic,17,NAN,0,10326,3.0,3.0,2025-10-30 12:37:25.889244,32.0,2.0,0.0,1.0,0.0,6.0,8.888333333333334,11.55,0.0,4,2,3.0,1.0,0.0,2.0,0.0,4.0,0.0,2.0,2-3 events,4+ tickets,5-10h,False,False,False
C10327,user10327@example.com,Montana,Free,0,Y,1,10327,0.0,0.0,,,0.0,0.0,0.0,0.0,4.0,22.4625,31.54,0.0,1,3,1.0,2.0,0.0,1.0,0.0,2.0,2.0,0.0,0 events,4+ tickets,20h+,True,True,True
C10328,user10328@example.net,Idaho,Pro,45,NAN,0,10328,2.0,2.0,2025-11-13 04:19:49.302073,18.0,0.0,1.0,0.0,1.0,1.0,4.6,4.6,0.0,0,1,0.0,0.0,0.0,1.0,0.0,0.0,0.0,1.0,2-3 events,1 ticket,0-5h,False,False,False
C10329,user10329@example.com,Nebraska,Pro,32,Y,1,10329,0.0,0.0,,,0.0,0.0,0.0,0.0,2.0,16.505000000000003,19.12,1.0,2,0,0.0,0.0,1.0,1.0,0.0,0.0,0.0,2.0,0 events,2-3 tickets,15-20h,True,True,True
C10330,user10330@example.net,Oklahoma,Enterprise,82,NAN,0,10330,2.0,2.0,2025-09-14 20:16:29.490906,78.0,0.0,1.0,1.0,0.0,1.0,7.09,7.09,0.0,0,1,0.0,0.0,0.0,1.0,0.0,0.0,0.0,1.0,2-3 events,1 ticket,5-10h,False,False,False
C10331,user10331@example.com,Alaska,Basic,18,NAN,0,10331,2.0,2.0,2025-10-17 18:18:21.037873,45.0,1.0,1.0,0.0,0.0,2.0,6.985,10.71,1.0,1,1,0.0,1.0,0.0,1.0,0.0,0.0,2.0,0.0,2-3 events,2-3 tickets,5-10h,False,False,False
C10332,user10332@example.org,Nevada,Free,0,NAN,0,10332,0.0,0.0,,,0.0,0.0,0.0,0.0,5.0,4.404,7.02,0.0,4,1,1.0,1.0,1.0,2.0,0.0,1.0,1.0,3.0,0 events,4+ tickets,0-5h,False,True,True
C10333,user10333@example.org,Florida,Pro,59,NAN,0,10333,1.0,1.0,2025-10-23 17:52:34.784221,39.0,1.0,0.0,0.0,0.0,0.0,,,0.0,0,0,0.0,0.0,0.0,0.0,0.0,0.0,0.0,0.0,1 event,0 tickets,,False,False,False
C10334,user10334@example.com,Delaware,Basic,26,Y,1,10334,0.0,0.0,,,0.0,0.0,0.0,0.0,2.0,17.259999999999998,21.95,0.0,2,0,2.0,0.0,0.0,0.0,0.0,1.0,1.0,0.0,0 events,2-3 tickets,15-20h,True,True,True
C10335,user10335@example.com,Alabama,Free,0,Y,1,10335,0.0,0.0,,,0.0,0.0,0.0,0.0,2.0,16.815,21.26,0.0,0,2,2.0,0.0,0.0,0.0,0.0,1.0,0.0,1.0,0 events,2-3 tickets,15-20h,True,True,True
C10336,user10336@example.org,Tennessee,Free,0,NAN,0,10336,2.0,2.0,2025-09-11 00:28:27.031458,81.0,2.0,0.0,0.0,0.0,1.0,8.16,8.16,0.0,0,1,0.0,0.0,1.0,0.0,0.0,1.0,0.0,0.0,2-3 events,1 ticket,5-10h,False,False,False
C10337,user10337@example.com,Michigan,Free,0,Y,1,10337,0.0,0.0,,,0.0,0.0,0.0,0.0,2.0,16.78,17.88,0.0,0,2,0.0,1.0,0.0,1.0,0.0,0.0,0.0,2.0,0 events,2-3 tickets,15-20h,True,True,True
C10338,user10338@example.net,Alaska,Free,0,NAN,0,10338,2.0,2.0,2025-08-29 13:58:35.887231,94.0,0.0,0.0,0.0,2.0,6.0,7.1066666666666665,11.09,0.0,3,3,0.0,1.0,3.0,2.0,0.0,1.0,3.0,2.0,2-3 events,4+ tickets,5-10h,False,False,False
C10339,user10339@example.com,North Carolina,Pro,34,NAN,0,10339,0.0,0.0,,,0.0,0.0,0.0,0.0,5.0,4.95,10.48,0.0,1,4,0.0,3.0,0.0,2.0,1.0,2.0,1.0,1.0,0 events,4+ tickets,0-5h,False,True,True
C10340,user10340@example.net,Utah,Basic,29,NAN,0,10340,3.0,3.0,2025-11-27 13:38:32.371575,4.0,0.0,2.0,1.0,0.0,2.0,12.725000000000001,15.9,0.0,2,0,1.0,0.0,0.0,1.0,0.0,1.0,0.0,1.0,2-3 events,2-3 tickets,10-15h,False,False,False
C10341,user10341@example.org,Ohio,Enterprise,97,NAN,0,10341,1.0,1.0,2025-08-31 12:03:01.637835,92.0,1.0,0.0,0.0,0.0,1.0,9.41,9.41,0.0,1,0,0.0,0.0,0.0,1.0,0.0,0.0,0.0,1.0,1 event,1 ticket,5-10h,False,False,False
C10342,user10342@example.com,Texas,Pro,43,NAN,0,10342,0.0,0.0,,,0.0,0.0,0.0,0.0,4.0,3.4450000000000003,5.35,1.0,2,2,1.0,2.0,0.0,1.0,0.0,1.0,1.0,2.0,0 events,4+ tickets,0-5h,False,True,True
C10343,user10343@example.net,Colorado,Basic,20,NAN,0,10343,2.0,2.0,2025-11-25 13:33:06.736116,6.0,1.0,1.0,0.0,0.0,3.0,5.123333333333334,6.82,0.0,2,1,1.0,0.0,0.0,2.0,0.0,0.0,2.0,1.0,2-3 events,2-3 tickets,5-10h,False,False,False
C10344,user10344@example.org,Georgia,Enterprise,141,NAN,0,10344,2.0,2.0,2025-11-28 19:52:22.916105,3.0,0.0,0.0,0.0,2.0,4.0,11.755,17.39,0.0,1,3,1.0,1.0,0.0,2.0,0.0,1.0,3.0,0.0,2-3 events,4+ tickets,10-15h,False,False,False
C10345,user10345@example.net,Florida,Free,0,Y,1,10345,0.0,0.0,,,0.0,0.0,0.0,0.0,3.0,21.776666666666667,25.38,0.0,2,1,0.0,1.0,0.0,2.0,0.0,1.0,0.0,2.0,0 events,2-3 tickets,20h+,True,True,True
C10346,user10346@example.net,Ohio,Pro,35,NAN,0,10346,3.0,3.0,2025-08-22 20:40:53.938039,101.0,1.0,0.0,1.0,1.0,0.0,,,0.0,0,0,0.0,0.0,0.0,0.0,0.0,0.0,0.0,0.0,2-3 events,0 tickets,,False,False,False
C10347,user10347@example.com,Colorado,Pro,37,NAN,0,10347,0.0,0.0,,,0.0,0.0,0.0,0.0,1.0,7.42,7.42,0.0,1,0,1.0,0.0,0.0,0.0,0.0,1.0,0.0,0.0,0 events,1 ticket,5-10h,False,True,True
C10348,user10348@example.com,South Carolina,Basic,13,NAN,0,10348,2.0,2.0,2025-10-04 06:55:06.727959,58.0,2.0,0.0,0.0,0.0,4.0,8.77,11.02,0.0,3,1,1.0,1.0,1.0,1.0,0.0,1.0,1.0,2.0,2-3 events,4+ tickets,5-10h,False,False,False
C10349,user10349@example.org,Delaware,Free,0,NAN,0,10349,2.0,2.0,2025-07-28 16:26:06.858930,126.0,1.0,0.0,1.0,0.0,3.0,3.026666666666667,3.97,0.0,3,0,1.0,1.0,1.0,0.0,0.0,0.0,2.0,1.0,2-3 events,2-3 tickets,0-5h,False,False,False
C10350,user10350@example.com,South Carolina,Enterprise,97,Y,1,10350,1.0,1.0,2025-09-02 04:04:06.511827,90.0,1.0,0.0,0.0,0.0,4.0,17.7425,25.82,2.0,3,1,2.0,2.0,0.0,0.0,1.0,0.0,2.0,1.0,1 event,4+ tickets,15-20h,True,False,True
C10351,user10351@example.org,Massachusetts,Enterprise,104,NAN,0,10351,2.0,2.0,2025-11-16 15:43:58.313346,15.0,1.0,0.0,1.0,0.0,2.0,3.415,3.74,0.0,0,2,0.0,1.0,1.0,0.0,0.0,1.0,1.0,0.0,2-3 events,2-3 tickets,0-5h,False,False,False
C10352,user10352@example.net,Florida,Pro,39,NAN,0,10352,1.0,1.0,2025-07-15 05:31:57.424260,139.0,1.0,0.0,0.0,0.0,2.0,5.42,10.32,0.0,1,1,1.0,1.0,0.0,0.0,1.0,0.0,0.0,1.0,1 event,2-3 tickets,5-10h,False,False,False
C10353,user10353@example.net,Arizona,Basic,18,NAN,0,10353,2.0,2.0,2025-07-25 12:43:29.332869,129.0,0.0,2.0,0.0,0.0,3.0,11.196666666666667,11.66,0.0,1,2,1.0,0.0,1.0,1.0,0.0,0.0,2.0,1.0,2-3 events,2-3 tickets,10-15h,False,False,False
C10354,user10354@example.org,Virginia,Free,0,NAN,0,10354,0.0,0.0,,,0.0,0.0,0.0,0.0,4.0,7.1125,11.67,0.0,2,2,0.0,1.0,2.0,1.0,0.0,0.0,3.0,1.0,0 events,4+ tickets,5-10h,False,True,True
C10355,user10355@example.com,Minnesota,Free,0,Y,1,10355,0.0,0.0,,,0.0,0.0,0.0,0.0,2.0,17.455,23.87,0.0,0,2,0.0,0.0,2.0,0.0,0.0,2.0,0.0,0.0,0 events,2-3 tickets,15-20h,True,True,True
C10356,user10356@example.org,Massachusetts,Basic,11,NAN,0,10356,1.0,1.0,2025-11-18 07:29:53.654635,13.0,0.0,1.0,0.0,0.0,4.0,4.925,11.39,1.0,1,3,3.0,0.0,0.0,1.0,0.0,2.0,1.0,1.0,1 event,4+ tickets,0-5h,False,False,False
C10357,user10357@example.net,New Jersey,Pro,49,NAN,0,10357,0.0,0.0,,,0.0,0.0,0.0,0.0,1.0,10.33,10.33,0.0,0,1,1.0,0.0,0.0,0.0,0.0,0.0,1.0,0.0,0 events,1 ticket,10-15h,False,True,True
C10358,user10358@example.org,Washington,Enterprise,124,NAN,0,10358,2.0,2.0,2025-08-26 23:01:36.306084,96.0,0.0,1.0,1.0,0.0,2.0,7.83,11.77,0.0,0,2,0.0,1.0,0.0,1.0,0.0,1.0,0.0,1.0,2-3 events,2-3 tickets,5-10h,False,False,False
C10359,user10359@example.org,Arizona,Free,0,NAN,0,10359,0.0,0.0,,,0.0,0.0,0.0,0.0,2.0,6.775,8.34,0.0,0,2,1.0,1.0,0.0,0.0,0.0,1.0,0.0,1.0,0 events,2-3 tickets,5-10h,False,True,True
C10360,user10360@example.net,Delaware,Basic,19,NAN,0,10360,3.0,3.0,2025-10-05 17:36:48.680826,57.0,0.0,1.0,1.0,1.0,1.0,5.84,5.84,0.0,0,1,0.0,0.0,1.0,0.0,0.0,0.0,0.0,1.0,2-3 events,1 ticket,5-10h,False,False,False
C10361,user10361@example.com,Hawaii,Free,0,NAN,0,10361,0.0,0.0,,,0.0,0.0,0.0,0.0,3.0,4.753333333333333,6.3,0.0,0,3,1.0,0.0,1.0,1.0,0.0,2.0,1.0,0.0,0 events,2-3 tickets,0-5h,False,True,True
C10362,user10362@example.org,Delaware,Enterprise,119,NAN,0,10362,1.0,1.0,2025-06-24 03:12:59.454868,160.0,1.0,0.0,0.0,0.0,2.0,7.825,8.15,0.0,2,0,1.0,0.0,1.0,0.0,0.0,1.0,0.0,1.0,1 event,2-3 tickets,5-10h,False,False,False
C10363,user10363@example.com,Florida,Basic,13,Y,1,10363,1.0,1.0,2025-11-04 05:02:39.285286,27.0,1.0,0.0,0.0,0.0,6.0,20.316666666666666,31.73,0.0,3,3,1.0,1.0,1.0,3.0,1.0,3.0,1.0,1.0,1 event,4+ tickets,20h+,True,False,True
C10364,user10364@example.com,Washington,Enterprise,85,NAN,0,10364,1.0,1.0,2025-09-08 19:22:10.831247,84.0,0.0,0.0,0.0,1.0,4.0,4.7275,8.56,1.0,3,1,1.0,0.0,2.0,1.0,0.0,1.0,0.0,3.0,1 event,4+ tickets,0-5h,False,False,False
C10365,user10365@example.org,Illinois,Basic,15,NAN,0,10365,2.0,2.0,2025-10-23 18:18:55.343756,39.0,0.0,1.0,0.0,1.0,1.0,2.06,2.06,0.0,0,1,1.0,0.0,0.0,0.0,0.0,1.0,0.0,0.0,2-3 events,1 ticket,0-5h,False,False,False
C10366,user10366@example.org,Idaho,Basic,25,NAN,0,10366,1.0,1.0,2025-10-19 09:14:44.213325,43.0,0.0,0.0,0.0,1.0,3.0,3.686666666666666,7.6,0.0,3,0,0.0,2.0,0.0,1.0,0.0,1.0,1.0,1.0,1 event,2-3 tickets,0-5h,False,False,False
C10367,user10367@example.com,Colorado,Basic,20,NAN,0,10367,1.0,1.0,2025-11-27 21:46:37.363620,4.0,1.0,0.0,0.0,0.0,1.0,8.29,8.29,0.0,0,1,1.0,0.0,0.0,0.0,0.0,0.0,0.0,1.0,1 event,1 ticket,5-10h,False,False,False
C10368,user10368@example.net,New Mexico,Basic,24,NAN,0,10368,2.0,2.0,2025-08-12 03:55:15.654774,111.0,0.0,1.0,0.0,1.0,3.0,8.883333333333333,11.57,0.0,2,1,2.0,1.0,0.0,0.0,0.0,2.0,0.0,1.0,2-3 events,2-3 tickets,5-10h,False,False,False
C10369,user10369@example.com,West Virginia,Basic,20,NAN,0,10369,0.0,0.0,,,0.0,0.0,0.0,0.0,2.0,8.399999999999999,11.03,0.0,1,1,0.0,0.0,0.0,2.0,0.0,1.0,0.0,1.0,0 events,2-3 tickets,5-10h,False,True,True
C10370,user10370@example.com,Florida,Free,0,Y,1,10370,1.0,1.0,2025-09-26 23:23:45.109024,65.0,0.0,0.0,0.0,1.0,2.0,21.615,21.83,0.0,0,2,0.0,1.0,1.0,0.0,0.0,0.0,1.0,1.0,1 event,2-3 tickets,20h+,True,False,True
C10371,user10371@example.org,Texas,Enterprise,87,NAN,0,10371,2.0,2.0,2025-09-06 21:41:57.119757,86.0,0.0,0.0,1.0,1.0,4.0,5.65,8.46,0.0,0,4,1.0,1.0,0.0,2.0,0.0,1.0,3.0,0.0,2-3 events,4+ tickets,5-10h,False,False,False
C10372,user10372@example.com,Vermont,Pro,80,NAN,0,10372,0.0,0.0,,,0.0,0.0,0.0,0.0,1.0,2.9,2.9,0.0,0,1,0.0,1.0,0.0,0.0,0.0,0.0,1.0,0.0,0 events,1 ticket,0-5h,False,True,True
C10373,user10373@example.net,Pennsylvania,Basic,13,Y,1,10373,0.0,0.0,,,0.0,0.0,0.0,0.0,2.0,13.16,14.65,0.0,1,1,1.0,0.0,1.0,0.0,0.0,2.0,0.0,0.0,0 events,2-3 tickets,10-15h,False,True,True
C10374,user10374@example.org,Pennsylvania,Free,0,Y,1,10374,0.0,0.0,,,0.0,0.0,0.0,0.0,3.0,11.893333333333333,18.06,0.0,1,2,0.0,3.0,0.0,0.0,0.0,1.0,0.0,2.0,0 events,2-3 tickets,10-15h,False,True,True
C10375,user10375@example.net,Arkansas,Basic,29,Y,1,10375,0.0,0.0,,,0.0,0.0,0.0,0.0,1.0,11.99,11.99,0.0,0,1,0.0,0.0,1.0,0.0,0.0,0.0,1.0,0.0,0 events,1 ticket,10-15h,False,True,True
C10376,user10376@example.org,Alaska,Basic,16,Y,1,10376,0.0,0.0,,,0.0,0.0,0.0,0.0,1.0,25.05,25.05,0.0,0,1,0.0,0.0,0.0,1.0,0.0,0.0,0.0,1.0,0 events,1 ticket,20h+,True,True,True
C10377,user10377@example.net,West Virginia,Enterprise,82,Y,1,10377,0.0,0.0,,,0.0,0.0,0.0,0.0,1.0,11.07,11.07,0.0,1,0,1.0,0.0,0.0,0.0,0.0,0.0,1.0,0.0,0 events,1 ticket,10-15h,False,True,True
C10378,user10378@example.net,Illinois,Basic,26,NAN,0,10378,3.0,3.0,2025-10-09 23:29:57.338562,52.0,1.0,0.0,1.0,1.0,4.0,7.8525,11.88,0.0,2,2,0.0,1.0,2.0,1.0,0.0,1.0,2.0,1.0,2-3 events,4+ tickets,5-10h,False,False,False
C10379,user10379@example.net,Vermont,Basic,21,Y,1,10379,0.0,0.0,,,0.0,0.0,0.0,0.0,2.0,20.935,29.2,0.0,2,0,0.0,0.0,1.0,1.0,0.0,1.0,0.0,1.0,0 events,2-3 tickets,20h+,True,True,True
C10380,user10380@example.com,South Dakota,Enterprise,120,NAN,0,10380,1.0,1.0,2025-09-08 22:17:41.553869,83.0,1.0,0.0,0.0,0.0,6.0,8.426666666666668,11.52,0.0,1,5,1.0,0.0,1.0,4.0,1.0,2.0,2.0,1.0,1 event,4+ tickets,5-10h,False,False,False
C10381,user10381@example.org,New Hampshire,Free,0,NAN,0,10381,0.0,0.0,,,0.0,0.0,0.0,0.0,1.0,8.6,8.6,0.0,0,1,0.0,1.0,0.0,0.0,0.0,1.0,0.0,0.0,0 events,1 ticket,5-10h,False,True,True
C10382,user10382@example.com,Utah,Free,0,Y,1,10382,2.0,2.0,2025-06-16 01:26:09.531414,168.0,1.0,0.0,0.0,1.0,1.0,30.41,30.41,1.0,1,0,1.0,0.0,0.0,0.0,0.0,0.0,1.0,0.0,2-3 events,1 ticket,20h+,True,False,True
C10383,user10383@example.com,Pennsylvania,Free,0,NAN,0,10383,1.0,1.0,2025-10-20 08:38:17.830699,42.0,0.0,0.0,1.0,0.0,1.0,0.99,0.99,0.0,0,1,1.0,0.0,0.0,0.0,0.0,1.0,0.0,0.0,1 event,1 ticket,0-5h,False,False,False
C10384,user10384@example.org,New Hampshire,Basic,14,NAN,0,10384,1.0,1.0,2025-09-15 10:39:31.325343,77.0,0.0,1.0,0.0,0.0,1.0,2.11,2.11,0.0,1,0,0.0,1.0,0.0,0.0,0.0,1.0,0.0,0.0,1 event,1 ticket,0-5h,False,False,False
C10385,user10385@example.org,Mississippi,Pro,40,Y,1,10385,0.0,0.0,,,0.0,0.0,0.0,0.0,4.0,13.265,20.12,0.0,2,2,2.0,2.0,0.0,0.0,0.0,2.0,1.0,1.0,0 events,4+ tickets,10-15h,False,True,True
C10386,user10386@example.net,New York,Pro,49,NAN,0,10386,2.0,2.0,2025-09-04 07:23:12.958815,88.0,1.0,0.0,0.0,1.0,3.0,4.696666666666666,8.46,0.0,2,1,1.0,0.0,1.0,1.0,0.0,2.0,0.0,1.0,2-3 events,2-3 tickets,0-5h,False,False,False
C10387,user10387@example.org,Wisconsin,Basic,28,NAN,0,10387,1.0,1.0,2025-08-17 10:49:54.284971,106.0,0.0,0.0,0.0,1.0,2.0,7.875,8.4,0.0,0,2,0.0,0.0,1.0,1.0,0.0,1.0,0.0,1.0,1 event,2-3 tickets,5-10h,False,False,False
C10388,user10388@example.net,Connecticut,Basic,23,NAN,0,10388,3.0,3.0,2025-10-15 22:19:11.797209,46.0,2.0,1.0,0.0,0.0,2.0,5.09,7.82,0.0,0,2,0.0,0.0,2.0,0.0,0.0,0.0,2.0,0.0,2-3 events,2-3 tickets,5-10h,False,False,False
C10389,user10389@example.com,Maine,Basic,11,NAN,0,10389,1.0,1.0,2025-07-31 23:53:49.404064,122.0,0.0,1.0,0.0,0.0,2.0,4.04,5.14,1.0,1,1,1.0,1.0,0.0,0.0,0.0,0.0,1.0,1.0,1 event,2-3 tickets,0-5h,False,False,False
C10390,user10390@example.org,New Mexico,Pro,33,NAN,0,10390,0.0,0.0,,,0.0,0.0,0.0,0.0,3.0,6.136666666666667,9.12,0.0,1,2,1.0,2.0,0.0,0.0,0.0,2.0,1.0,0.0,0 events,2-3 tickets,5-10h,False,True,True
C10391,user10391@example.org,Florida,Basic,20,NAN,0,10391,4.0,4.0,2025-10-29 22:35:49.190327,32.0,1.0,1.0,1.0,1.0,1.0,6.06,6.06,0.0,1,0,0.0,1.0,0.0,0.0,0.0,1.0,0.0,0.0,4+ events,1 ticket,5-10h,False,False,False
C10392,user10392@example.org,Arizona,Pro,62,NAN,0,10392,2.0,2.0,2025-11-11 09:39:51.496475,20.0,2.0,0.0,0.0,0.0,2.0,7.965,9.26,0.0,0,2,0.0,1.0,1.0,0.0,0.0,0.0,0.0,2.0,2-3 events,2-3 tickets,5-10h,False,False,False
C10393,user10393@example.net,New Mexico,Free,0,NAN,0,10393,3.0,3.0,2025-11-03 20:31:06.324191,28.0,2.0,1.0,0.0,0.0,3.0,7.97,9.86,0.0,0,3,1.0,1.0,1.0,0.0,0.0,1.0,0.0,2.0,2-3 events,2-3 tickets,5-10h,False,False,False
C10394,user10394@example.com,Louisiana,Free,0,Y,1,10394,1.0,1.0,2025-07-31 19:40:10.494287,123.0,1.0,0.0,0.0,0.0,3.0,19.173333333333336,23.44,0.0,1,2,1.0,1.0,1.0,0.0,0.0,2.0,1.0,0.0,1 event,2-3 tickets,15-20h,True,False,True
C10395,user10395@example.org,Arizona,Free,0,NAN,0,10395,2.0,2.0,2025-10-22 12:09:09.477660,40.0,1.0,1.0,0.0,0.0,3.0,4.05,5.88,0.0,1,2,0.0,0.0,2.0,1.0,0.0,0.0,1.0,2.0,2-3 events,2-3 tickets,0-5h,False,False,False
C10396,user10396@example.net,Vermont,Free,0,NAN,0,10396,2.0,2.0,2025-09-18 19:47:02.013467,74.0,0.0,2.0,0.0,0.0,0.0,,,0.0,0,0,0.0,0.0,0.0,0.0,0.0,0.0,0.0,0.0,2-3 events,0 tickets,,False,False,False
C10397,user10397@example.net,Vermont,Free,0,Y,1,10397,0.0,0.0,,,0.0,0.0,0.0,0.0,5.0,18.722,27.81,0.0,3,2,1.0,2.0,0.0,2.0,0.0,0.0,1.0,4.0,0 events,4+ tickets,15-20h,True,True,True
C10398,user10398@example.net,Alabama,Enterprise,81,NAN,0,10398,0.0,0.0,,,0.0,0.0,0.0,0.0,2.0,3.635,4.45,0.0,0,2,0.0,1.0,0.0,1.0,0.0,0.0,2.0,0.0,0 events,2-3 tickets,0-5h,False,True,True
C10399,user10399@example.net,California,Free,0,NAN,0,10399,0.0,0.0,,,0.0,0.0,0.0,0.0,1.0,4.46,4.46,0.0,1,0,0.0,0.0,1.0,0.0,0.0,1.0,0.0,0.0,0 events,1 ticket,0-5h,False,True,True
